Sample,Position,Ref,Cons,Reads1,Reads2,VarFreq,Strands1,Strands2,Qual1,Qual2,Pvalue,MapQual1,MapQual2,Reads1Plus,Reads1Minus,Reads2Plus,Reads2Minus,VarAllele,PigID,Day,Treatment,Segment,Protein,Annotate,Mutation,Funcional relevant,Feature,Comment,Reference,Function_classification
474,369,C,M,2759,29,0.01,2,2,38,32,0.98,1,1,1726,1033,16,13,A,5174,2,NO VAC,HA_H1,HA,Non_Synonymous,S123R,No,NA,NA,NA,Not known function (Non_Synonymous)
474,622,C,M,2259,140,0.058,2,2,37,38,0.98,1,1,1243,1016,67,73,A,5174,2,NO VAC,HA_H1,HA,Non_Synonymous,L208I,No,NA,NA,NA,Not known function (Non_Synonymous)
474,725,C,S,2390,171,0.067,2,2,38,35,0.98,1,1,1566,824,75,96,G,5174,2,NO VAC,HA_H1,HA,Non_Synonymous,A242G,No,NA,NA,NA,Not known function (Non_Synonymous)
474,777,C,S,2941,60,0.02,2,2,38,34,0.98,1,1,1992,949,39,21,G,5174,2,NO VAC,HA_H1,HA,Non_Synonymous,F259L,No,NA,NA,NA,Not known function (Non_Synonymous)
474,1139,C,M,2765,58,0.021,2,2,38,40,0.98,1,1,1517,1248,28,30,A,5174,2,NO VAC,HA_H1,HA,Non_Synonymous,A380D,No,NA,NA,NA,Not known function (Non_Synonymous)
474,1466,A,R,2390,41,0.017,2,2,37,35,0.98,1,1,719,1671,14,27,G,5174,2,NO VAC,HA_H1,HA,Non_Synonymous,D489G,No,NA,NA,NA,Not known function (Non_Synonymous)
474,1519,T,Y,1932,35,0.018,2,2,38,36,0.98,1,1,544,1388,11,24,C,5174,2,NO VAC,HA_H1,HA,Non_Synonymous,S507P,No,NA,NA,NA,Not known function (Non_Synonymous)
474,1686,C,M,543,15,0.027,2,2,36,37,0.98,1,1,22,521,1,14,A,5174,2,NO VAC,HA_H1,HA,stop_gained,C562*,Yes,NA,NA,NA,Not known function (Stop_Codon)
526,535,A,R,1527,51,0.032,2,2,37,34,0.98,1,1,690,837,13,38,G,4473,2,SINGLE LAIV,HA_H1,HA,Non_Synonymous,N179D,No,NA,NA,NA,Not known function (Non_Synonymous)
526,622,C,A,0,1625,1,0,2,0,37,0.98,0,1,0,0,952,673,A,4473,2,SINGLE LAIV,HA_H1,HA,Non_Synonymous,L208I,No,NA,NA,NA,Not known function (Non_Synonymous)
526,725,C,G,0,1938,0.999,0,2,0,37,0.98,0,1,0,0,1278,660,G,4473,2,SINGLE LAIV,HA_H1,HA,Non_Synonymous,A242G,No,NA,NA,NA,Not known function (Non_Synonymous)
526,747,A,T,0,2073,0.967,0,2,0,38,0.98,0,1,0,0,1368,705,T,4473,2,SINGLE LAIV,HA_H1,HA,Synonymous,T249T,No,NA,NA,NA,Not known function (Synonymous)
526,1466,A,R,1816,21,0.011,2,2,38,34,0.98,1,1,563,1253,5,16,G,4473,2,SINGLE LAIV,HA_H1,HA,Non_Synonymous,D489G,No,NA,NA,NA,Not known function (Non_Synonymous)
650,440,G,R,932,14,0.015,2,2,37,34,0.98,1,1,488,444,8,6,A,5174,4,NO VAC,HA_H1,HA,Non_Synonymous,R147K,Yes,Influenza A_H1_lysine-fence_147,Region at the base of HA binding site that helps anchor the N-acetylneuraminic acid (Neu5Ac) and galactose sugars of both alpha 2-3 and alpha 2-6 glycans on the host cell. Neu5Ac acts as a receptor for influenza viruses; allowing attachment to mucous cells via hemagglutinin.,19513050,Receptor binding property
650,488,G,R,1027,14,0.013,2,2,37,34,0.98,1,1,570,457,10,4,A,5174,4,NO VAC,HA_H1,HA,Non_Synonymous,R163K,No,NA,NA,NA,Not known function (Non_Synonymous)
650,655,G,R,1114,12,0.011,2,2,36,36,0.98,1,1,658,456,7,5,A,5174,4,NO VAC,HA_H1,HA,Non_Synonymous,G219R,No,NA,NA,NA,Not known function (Non_Synonymous)
650,759,T,Y,1387,19,0.014,2,2,37,34,0.98,1,1,918,469,16,3,C,5174,4,NO VAC,HA_H1,HA,Synonymous,P253P,No,NA,NA,NA,Not known function (Synonymous)
650,907,A,R,1355,14,0.01,2,2,37,34,0.98,1,1,681,674,7,7,G,5174,4,NO VAC,HA_H1,HA,Non_Synonymous,I303V,No,NA,NA,NA,Not known function (Non_Synonymous)
650,1284,T,Y,791,9,0.011,2,2,36,34,0.98,1,1,533,258,8,1,C,5174,4,NO VAC,HA_H1,HA,Synonymous,V428V,No,NA,NA,NA,Not known function (Synonymous)
650,1623,G,R,581,15,0.025,2,2,38,35,0.98,1,1,66,515,1,14,A,5174,4,NO VAC,HA_H1,HA,Synonymous,L541L,No,NA,NA,NA,Not known function (Synonymous)
670,539,A,R,4570,70,0.015,2,2,37,35,0.98,1,1,1942,2628,19,51,G,4495,4,NO VAC,HA_H1,HA,Non_Synonymous,K180R,No,NA,NA,NA,Not known function (Non_Synonymous)
670,1149,G,A,3,3950,0.999,1,2,46,37,0.98,1,1,3,0,2232,1718,A,4495,4,NO VAC,HA_H1,HA,Synonymous,K383K,No,NA,NA,NA,Not known function (Synonymous)
683,432,C,M,1067,269,0.201,2,2,37,36,0.98,1,1,569,498,131,138,A,4490,4,NO VAC,HA_H1,HA,Non_Synonymous,D144E,No,NA,NA,NA,Not known function (Non_Synonymous)
683,725,C,S,1337,375,0.219,2,2,37,35,0.98,1,1,897,440,177,198,G,4490,4,NO VAC,HA_H1,HA,Non_Synonymous,A242G,No,NA,NA,NA,Not known function (Non_Synonymous)
683,1245,C,Y,1028,69,0.063,2,2,37,36,0.98,1,1,746,282,51,18,T,4490,4,NO VAC,HA_H1,HA,Synonymous,S415S,No,NA,NA,NA,Not known function (Synonymous)
683,1524,G,R,758,149,0.164,2,2,38,36,0.98,1,1,234,524,55,94,A,4490,4,NO VAC,HA_H1,HA,Synonymous,E508E,No,NA,NA,NA,Not known function (Synonymous)
691,564,G,R,2586,96,0.036,2,2,37,35,0.98,1,1,1121,1465,45,51,A,4477,4,PRIME BOOST,HA_H1,HA,Synonymous,K188K,No,NA,NA,NA,Not known function (Synonymous)
691,1197,T,Y,2930,296,0.092,2,2,36,35,0.98,1,1,2128,802,233,63,C,4477,4,PRIME BOOST,HA_H1,HA,Synonymous,V399V,No,NA,NA,NA,Not known function (Synonymous)
702,622,C,A,0,3182,1,0,2,0,37,0.98,0,1,0,0,1747,1435,A,4473,4,SINGLE LAIV,HA_H1,HA,Non_Synonymous,L208I,No,NA,NA,NA,Not known function (Non_Synonymous)
702,725,C,G,0,3483,0.999,0,2,0,37,0.98,0,1,0,0,2160,1323,G,4473,4,SINGLE LAIV,HA_H1,HA,Non_Synonymous,A242G,No,NA,NA,NA,Not known function (Non_Synonymous)
702,747,A,T,1,3713,0.999,1,2,36,38,0.98,1,1,1,0,2307,1406,T,4473,4,SINGLE LAIV,HA_H1,HA,Synonymous,T249T,No,NA,NA,NA,Not known function (Synonymous)
758,568,G,R,3952,65,0.016,2,2,38,34,0.98,1,1,1771,2181,38,27,A,4495,5,NO VAC,HA_H1,HA,Non_Synonymous,V190I,No,NA,NA,NA,Not known function (Non_Synonymous)
758,1149,G,A,1,3608,1,1,2,36,38,0.98,1,1,1,0,1954,1654,A,4495,5,NO VAC,HA_H1,HA,Synonymous,K383K,No,NA,NA,NA,Not known function (Synonymous)
771,725,C,S,2551,30,0.012,2,2,38,35,0.98,1,1,1617,934,9,21,G,4490,5,NO VAC,HA_H1,HA,Non_Synonymous,A242G,No,NA,NA,NA,Not known function (Non_Synonymous)
771,1524,G,R,1320,14,0.011,2,2,38,38,0.98,1,1,465,855,5,9,A,4490,5,NO VAC,HA_H1,HA,Synonymous,E508E,No,NA,NA,NA,Not known function (Synonymous)
779,564,G,R,4210,129,0.03,2,2,37,34,0.98,1,1,1976,2234,65,64,A,4477,5,PRIME BOOST,HA_H1,HA,Synonymous,K188K,No,NA,NA,NA,Not known function (Synonymous)
779,725,C,S,4545,85,0.018,2,2,38,36,0.98,1,1,2848,1697,36,49,G,4477,5,PRIME BOOST,HA_H1,HA,Non_Synonymous,A242G,No,NA,NA,NA,Not known function (Non_Synonymous)
790,534,C,Y,4624,62,0.013,2,2,38,34,0.98,1,1,2033,2591,20,42,T,4473,5,SINGLE LAIV,HA_H1,HA,Synonymous,I178I,No,NA,NA,NA,Not known function (Synonymous)
790,622,C,A,11,4464,0.997,2,2,37,37,0.98,1,1,3,8,2498,1966,A,4473,5,SINGLE LAIV,HA_H1,HA,Non_Synonymous,L208I,No,NA,NA,NA,Not known function (Non_Synonymous)
790,725,C,G,21,4745,0.994,2,2,35,37,0.98,1,1,18,3,3018,1727,G,4473,5,SINGLE LAIV,HA_H1,HA,Non_Synonymous,A242G,No,NA,NA,NA,Not known function (Non_Synonymous)
790,747,A,T,19,4927,0.995,2,2,38,38,0.98,1,1,12,7,3080,1847,T,4473,5,SINGLE LAIV,HA_H1,HA,Synonymous,T249T,No,NA,NA,NA,Not known function (Synonymous)
859,432,C,M,409,6,0.014,2,2,37,35,0.98,1,1,175,234,3,3,A,4490,6,NO VAC,HA_H1,HA,Non_Synonymous,D144E,No,NA,NA,NA,Not known function (Non_Synonymous)
859,725,C,S,498,21,0.041,2,2,39,33,0.98,1,1,344,154,6,15,G,4490,6,NO VAC,HA_H1,HA,Non_Synonymous,A242G,No,NA,NA,NA,Not known function (Non_Synonymous)
867,564,G,R,3350,38,0.011,2,2,37,34,0.98,1,1,1521,1829,22,16,A,4477,6,PRIME BOOST,HA_H1,HA,Synonymous,K188K,No,NA,NA,NA,Not known function (Synonymous)
867,725,C,S,3475,152,0.042,2,2,38,36,0.98,1,1,2176,1299,67,85,G,4477,6,PRIME BOOST,HA_H1,HA,Non_Synonymous,A242G,No,NA,NA,NA,Not known function (Non_Synonymous)
878,534,C,Y,3570,38,0.011,2,2,38,35,0.98,1,1,1560,2010,11,27,T,4473,6,SINGLE LAIV,HA_H1,HA,Synonymous,I178I,No,NA,NA,NA,Not known function (Synonymous)
878,622,C,A,5,3394,0.998,2,2,41,37,0.98,1,1,2,3,1907,1487,A,4473,6,SINGLE LAIV,HA_H1,HA,Non_Synonymous,L208I,No,NA,NA,NA,Not known function (Non_Synonymous)
878,725,C,G,0,3565,0.998,0,2,0,37,0.98,0,1,0,0,2315,1250,G,4473,6,SINGLE LAIV,HA_H1,HA,Non_Synonymous,A242G,No,NA,NA,NA,Not known function (Non_Synonymous)
878,747,A,T,5,3707,0.998,2,2,35,38,0.98,1,1,4,1,2361,1346,T,4473,6,SINGLE LAIV,HA_H1,HA,Synonymous,T249T,No,NA,NA,NA,Not known function (Synonymous)
880,432,C,A,6,2917,0.997,1,2,41,37,0.98,1,1,6,0,1609,1308,A,4483,6,PRIME BOOST,HA_H1,HA,Non_Synonymous,D144E,No,NA,NA,NA,Not known function (Non_Synonymous)
880,725,C,G,0,3463,1,0,2,0,37,0.98,0,1,0,0,2141,1322,G,4483,6,PRIME BOOST,HA_H1,HA,Non_Synonymous,A242G,No,NA,NA,NA,Not known function (Non_Synonymous)
892,177,T,K,2835,43,0.015,2,2,41,33,0.98,1,1,2263,572,41,2,G,4481,6,SINGLE LAIV,HA_H1,HA,Non_Synonymous,C59W,No,NA,NA,NA,Not known function (Non_Synonymous)
474,249,C,Y,6886,239,0.034,2,2,38,39,0.98,1,1,4766,2120,174,65,T,5174,2,NO VAC,M_H1,M1,Synonymous,A83A,No,NA,NA,NA,Not known function (Synonymous)
474,316,G,R,7126,118,0.016,2,2,38,37,0.98,1,1,4626,2500,70,48,A,5174,2,NO VAC,M_H1,M1,Non_Synonymous,E106K,Yes,Influenza A_M1_RNA-binding-domain_90/Influenza A_M1_transcription-inhibition-site_91/Influenza A_M1_membrane-binding-region_1/Influenza A_M1_lipid-binding-site_1,This region has been found to be essential for anti-RNA synthesis activity; RNA binding; and oligomerization of M1.,10438836/8523532/11222100/Uniprot:P03485,"Viral genome transportation, transcription and replication"
474,421,G,R,7171,159,0.022,2,2,37,38,0.98,1,1,5077,2094,99,60,A,5174,2,NO VAC,M_H1,M1,Non_Synonymous,E141K,Yes,Influenza A_M1_RNA-binding-domain_135/Influenza A_M1_membrane-binding-region_1/Influenza A_M1_lipid-binding-site_1,NA,10438836/11222100/Uniprot:P03485,"Virus assembly, budding and release"
474,789,G,R,6412,98,0.015,2,2,39,37,0.98,1,1,1954,4458,27,71,A,5174,2,NO VAC,M_H1,M2,Non_Synonymous,G34E,Yes,Influenza A_M2_determinant-of-amantadine-resistance_34/Influenza A_M2_antiviral-activity_34,It is shown that single-amino-acid substitution at this position within the transmembrane domain of M2 produces amantadine resistance in Influenza viruses/Introduction of Gly34Glu substitution in the WSN/1933 backbone conferred decreased sensitivity to amantadine as indicated by plaque reduction assay.,15673732,Antiviral drug resistance
474,795,T,Y,6390,112,0.017,2,2,40,40,0.98,1,1,1856,4534,37,75,C,5174,2,NO VAC,M_H1,M2,Non_Synonymous,L36S,No,NA,NA,NA,Not known function (Non_Synonymous)
474,810,G,R,6040,87,0.014,2,2,39,39,0.98,1,1,1465,4575,21,66,A,5174,2,NO VAC,M_H1,M2,stop_gained,W41*,Yes,Influenza A_M2_antiviral-binding-site,Rimantadine Binding Site,18235503,Not known function (Stop_Codon)
474,950,G,R,1430,22,0.015,2,2,36,35,0.98,1,1,58,1372,2,20,A,5174,2,NO VAC,M_H1,M2,Non_Synonymous,D88N,No,NA,NA,NA,Not known function (Non_Synonymous)
526,326,T,Y,6811,78,0.011,2,2,39,38,0.98,1,1,4248,2563,51,27,C,4473,2,SINGLE LAIV,M_H1,M1,Non_Synonymous,F109S,Yes,Influenza A_M1_transcription-inhibition-site_91/Influenza A_M1_membrane-binding-region_1/Influenza A_M1_lipid-binding-site_1,This region has been found to be essential for anti-RNA synthesis activity; RNA binding; and oligomerization of M1.,8523532/11222100/Uniprot:P03485,"Viral genome transportation, transcription and replication"
526,403,A,R,7156,100,0.014,2,2,38,36,0.98,1,1,4900,2256,57,43,G,4473,2,SINGLE LAIV,M_H1,M1,Non_Synonymous,M135V,Yes,Influenza A_M1_RNA-binding-domain_135/Influenza A_M1_membrane-binding-region_1/Influenza A_M1_lipid-binding-site_1,NA,10438836/11222100/Uniprot:P03485,"Virus assembly, budding and release"
650,249,C,Y,4196,46,0.011,2,2,38,38,0.98,1,1,2808,1388,23,23,T,5174,4,NO VAC,M_H1,M1,Synonymous,A83A,No,NA,NA,NA,Not known function (Synonymous)
702,120,G,R,5314,62,0.012,2,2,39,35,0.98,1,1,5256,58,61,1,A,4473,4,SINGLE LAIV,M_H1,M1,Synonymous,E40E,No,NA,NA,NA,Not known function (Synonymous)
702,598,T,G,0,7384,1,0,2,0,37,0.98,0,1,0,0,4209,3175,G,4473,4,SINGLE LAIV,M_H1,M1,Non_Synonymous,S200A,Yes,Influenza A_M1_RNP-binding-region_165,This C-terminal region binds to vRNP.,11222100/Uniprot:P03485,"Virus assembly, budding and release"
716,598,T,G,0,7359,1,0,2,0,36,0.98,0,1,0,0,4346,3013,G,4481,4,SINGLE LAIV,M_H1,M1,Non_Synonymous,S200A,Yes,Influenza A_M1_RNP-binding-region_165,This C-terminal region binds to vRNP.,11222100/Uniprot:P03485,"Virus assembly, budding and release"
738,249,C,Y,3964,90,0.022,2,2,38,37,0.98,1,1,2480,1484,50,40,T,5174,5,NO VAC,M_H1,M1,Synonymous,A83A,No,NA,NA,NA,Not known function (Synonymous)
738,717,C,M,3796,56,0.013,2,2,40,40,0.98,1,1,1681,2115,22,34,A,5174,5,NO VAC,M_H1,M2,Non_Synonymous,P10H,No,NA,NA,NA,Not known function (Non_Synonymous)
738,717,C,M,3796,56,0.013,2,2,40,40,0.98,1,1,1681,2115,22,34,A,5174,5,NO VAC,M_H1,M1,Synonymous,A239A,No,NA,NA,NA,Not known function (Synonymous)
758,815,A,R,6026,516,0.079,2,2,39,37,0.98,1,1,1480,4546,90,426,G,4495,5,NO VAC,M_H1,M2,Non_Synonymous,T43A,Yes,Influenza A_M2_antiviral-binding-site,Rimantadine Binding Site,18235503,Antiviral drug resistance
779,598,T,G,0,7411,1,0,2,0,36,0.98,0,1,0,0,4603,2808,G,4477,5,PRIME BOOST,M_H1,M1,Non_Synonymous,S200A,Yes,Influenza A_M1_RNP-binding-region_165,This C-terminal region binds to vRNP.,11222100/Uniprot:P03485,"Virus assembly, budding and release"
790,598,T,G,2,7437,1,2,2,36,36,0.98,1,1,1,1,4762,2675,G,4473,5,SINGLE LAIV,M_H1,M1,Non_Synonymous,S200A,Yes,Influenza A_M1_RNP-binding-region_165,This C-terminal region binds to vRNP.,11222100/Uniprot:P03485,"Virus assembly, budding and release"
804,598,T,G,3,7379,0.999,2,2,36,36,0.98,1,1,2,1,4202,3177,G,4481,5,SINGLE LAIV,M_H1,M1,Non_Synonymous,S200A,Yes,Influenza A_M1_RNP-binding-region_165,This C-terminal region binds to vRNP.,11222100/Uniprot:P03485,"Virus assembly, budding and release"
867,598,T,G,2,7451,1,1,2,25,36,0.98,1,1,2,0,4657,2794,G,4477,6,PRIME BOOST,M_H1,M1,Non_Synonymous,S200A,Yes,Influenza A_M1_RNP-binding-region_165,This C-terminal region binds to vRNP.,11222100/Uniprot:P03485,"Virus assembly, budding and release"
878,598,T,G,1,7430,1,1,2,36,37,0.98,1,1,1,0,4611,2819,G,4473,6,SINGLE LAIV,M_H1,M1,Non_Synonymous,S200A,Yes,Influenza A_M1_RNP-binding-region_165,This C-terminal region binds to vRNP.,11222100/Uniprot:P03485,"Virus assembly, budding and release"
892,598,T,G,998,6418,0.865,2,2,36,37,0.98,1,1,674,324,3812,2606,G,4481,6,SINGLE LAIV,M_H1,M1,Non_Synonymous,S200A,Yes,Influenza A_M1_RNP-binding-region_165,This C-terminal region binds to vRNP.,11222100/Uniprot:P03485,"Virus assembly, budding and release"
474,272,T,Y,2715,40,0.015,2,2,38,41,0.98,1,1,1824,891,31,9,C,5174,2,NO VAC,NA_H1,NA,Non_Synonymous,L91P,No,NA,NA,NA,Not known function (Non_Synonymous)
474,1010,C,M,3132,53,0.017,2,2,37,37,0.98,1,1,1822,1310,30,23,A,5174,2,NO VAC,NA_H1,NA,Non_Synonymous,P337Q,No,NA,NA,NA,Not known function (Non_Synonymous)
474,1258,C,M,1708,18,0.01,2,2,39,39,0.98,1,1,324,1384,2,16,A,5174,2,NO VAC,NA_H1,NA,Non_Synonymous,P420T,No,NA,NA,NA,Not known function (Non_Synonymous)
683,412,G,R,1904,26,0.014,2,2,39,40,0.98,1,1,956,948,13,13,A,4490,4,NO VAC,NA_H1,NA,Non_Synonymous,A138T,No,NA,NA,NA,Not known function (Non_Synonymous)
691,444,C,Y,4490,100,0.022,2,2,38,37,0.98,1,1,2165,2325,41,59,T,4477,4,PRIME BOOST,NA_H1,NA,Synonymous,T148T,No,NA,NA,NA,Not known function (Synonymous)
716,1173,G,A,6,4399,0.998,2,2,35,39,0.98,1,1,2,4,1422,2977,A,4481,4,SINGLE LAIV,NA_H1,NA,Synonymous,Q391Q,No,NA,NA,NA,Not known function (Synonymous)
779,1106,G,R,4815,66,0.014,2,2,39,39,0.98,1,1,2490,2325,35,31,A,4477,5,PRIME BOOST,NA_H1,NA,Non_Synonymous,S369N,Yes,Influenza A_N1_determinant-of-virulence_372,The five mutations (N369I in NA; K482R (silent mutation: G912A) in PB2; D538G in PB1; T139A (silent mutation: T121C) in M1 and W47G in HA2) control virulence and replicative capacity in mice.The PB1 and PB2 mutations are shown to be host restrictive in changing the virus to a mouse specific strain.,10426210,"Determinant of pathogenicity, virulence and disease progresson"
804,1173,G,A,9,4039,0.998,2,2,38,39,0.98,1,1,2,7,1267,2772,A,4481,5,SINGLE LAIV,NA_H1,NA,Synonymous,Q391Q,No,NA,NA,NA,Not known function (Synonymous)
805,406,C,Y,194,6,0.03,2,2,38,36,0.98,1,1,115,79,3,3,T,4484,5,SINGLE LAIV,NA_H1,NA,stop_gained,Q136*,Yes,Influenza A_N1_antiviral-response_136,Introduction of Gln136Lys naturally occurring substitution in the A/Panama/1310/2008 backbone conferred reduced susceptibility to zanamivir and peramivir./Introduction of Gln116Leu naturally occurring substitution in the A/Vietnam/1203/2004 backbone conferred oseltamivir and zanamivir resistance using fluorescence based enzyme inhibition assay.,19917319/19641000/20603155,Not known function (Stop-codon)
805,592,C,S,142,5,0.034,2,2,39,36,0.98,1,1,52,90,2,3,G,4484,5,SINGLE LAIV,NA_H1,NA,Non_Synonymous,P198A,No,NA,NA,NA,Not known function (Non_Synonymous)
805,991,G,R,169,7,0.04,2,2,38,34,0.98,1,1,115,54,3,4,A,4484,5,SINGLE LAIV,NA_H1,NA,Non_Synonymous,G331R,No,NA,NA,NA,Not known function (Non_Synonymous)
805,1173,G,A,0,163,1,0,2,0,38,0.98,0,1,0,0,49,114,A,4484,5,SINGLE LAIV,NA_H1,NA,Synonymous,Q391Q,No,NA,NA,NA,Not known function (Synonymous)
867,1300,A,R,2659,27,0.01,2,2,40,35,0.98,1,1,374,2285,2,25,G,4477,5,PRIME BOOST,NA_H1,NA,Non_Synonymous,S434G,No,NA,NA,NA,Not known function (Non_Synonymous)
880,789,T,Y,4846,54,0.011,2,2,36,33,0.98,1,1,2333,2513,33,21,C,4483,5,PRIME BOOST,NA_H1,NA,Synonymous,I263I,No,NA,NA,NA,Not known function (Synonymous)
880,1113,T,Y,4274,60,0.014,2,2,39,36,0.98,1,1,1762,2512,30,30,C,4483,5,PRIME BOOST,NA_H1,NA,Synonymous,F371F,No,NA,NA,NA,Not known function (Synonymous)
880,1167,G,R,4094,49,0.012,2,2,38,38,0.98,1,1,1238,2856,16,33,A,4483,5,PRIME BOOST,NA_H1,NA,Synonymous,T389T,No,NA,NA,NA,Not known function (Synonymous)
892,137,C,Y,3332,155,0.045,2,2,42,37,0.98,1,1,3202,130,151,4,T,4481,5,SINGLE LAIV,NA_H1,NA,Non_Synonymous,T46I,No,NA,NA,NA,Not known function (Non_Synonymous)
892,1173,G,A,571,3997,0.875,2,2,38,40,0.98,1,1,184,387,1452,2545,A,4481,5,SINGLE LAIV,NA_H1,NA,Synonymous,Q391Q,No,NA,NA,NA,Not known function (Synonymous)
474,466,C,M,3681,55,0.015,2,2,38,35,0.98,1,1,2166,1515,23,32,A,5174,2,NO VAC,NP_H1,NP,Non_Synonymous,R156S,Yes,Influenza A_NP_RNA-binding-domain_1/Influenza A_NP_PB2-interaction-domain_1,NA,7745727/10438825/9621005,Viral genome/protein interaction
474,608,A,R,3852,89,0.023,2,2,38,40,0.98,1,1,2129,1723,56,33,G,5174,2,NO VAC,NP_H1,NP,Non_Synonymous,D203G,Yes,Influenza A_NP_nuclear-localization-signal2_198/Influenza A_NP-NP-association-region_189,This region is a nuclear targeting motif that mediates transport of the cytoplasmic reporter protein into the nucleus.,9770415/Uniprot:P03466/10405371,Host-virus interaction machinery
474,724,G,R,3730,815,0.179,2,2,38,37,0.98,1,1,1925,1805,477,338,A,5174,2,NO VAC,NP_H1,NP,Non_Synonymous,V242I,Yes,Influenza A_NP-NP-association-region_189,NA,10405371,Viral genome/protein interaction
650,634,G,R,2663,29,0.011,2,2,38,35,0.98,1,1,1294,1369,18,11,A,5174,4,NO VAC,NP_H1,NP,Non_Synonymous,G212R,Yes,Influenza A_NP_nuclear-localization-signal2_198/Influenza A_NP-NP-association-region_189,This region is a nuclear targeting motif that mediates transport of the cytoplasmic reporter protein into the nucleus.,9770415/Uniprot:P03466/10405371,Host-virus interaction machinery
650,724,G,R,2607,131,0.048,2,2,38,36,0.98,1,1,1285,1322,61,70,A,5174,4,NO VAC,NP_H1,NP,Non_Synonymous,V242I,Yes,Influenza A_NP-NP-association-region_189,NA,10405371,Viral genome/protein interaction
670,1124,A,R,4695,52,0.011,2,2,38,37,0.98,1,1,2175,2520,20,32,G,4495,4,NO VAC,NP_H1,NP,Non_Synonymous,D375G,Yes,Influenza A_NP-NP-association-region_371/Influenza A_NP_PB2-interaction-domain_255/Influenza A_NP_PB2-binding-site_340,NA,9621005/10405371,Viral genome/protein interaction
683,648,G,R,2408,31,0.013,2,2,38,37,0.98,1,1,1132,1276,19,12,A,4490,4,NO VAC,NP_H1,NP,Synonymous,R216R,No,NA,NA,NA,Not known function (Synonymous)
683,1293,G,R,1243,231,0.157,2,2,40,41,0.98,1,1,600,643,123,108,A,4490,4,NO VAC,NP_H1,NP,Synonymous,G431G,No,NA,NA,NA,Not known function (Synonymous)
691,962,A,M,4139,108,0.025,2,2,37,37,0.98,1,1,2375,1764,71,37,C,4477,4,PRIME BOOST,NP_H1,NP,Non_Synonymous,N321T,Yes,Influenza A_NP_PB2-interaction-domain_255/Influenza A_NP-NP-association-region_189,NA,9621005/10405371,Viral genome/protein interaction
691,1490,A,R,527,9,0.017,2,2,33,36,0.98,1,1,4,523,1,8,G,4477,4,PRIME BOOST,NP_H1,NP,Non_Synonymous,D497G,Yes,Influenza A_NP_PB2-binding-site_340,NA,9621005,Viral genome/protein interaction
702,46,G,R,796,9,0.011,2,2,35,35,0.98,1,1,794,2,8,1,A,4473,4,SINGLE LAIV,NP_H1,NP,Non_Synonymous,G16S,Yes,Influenza A_NP_nuclear-localization-signal1_1/Influenza A_NP_RNA-binding-domain_1/Influenza A_NP_PB2-interaction-domain_1/Influenza A_NP_determinant-of-pathogenicity_16,Wild-type A/PR/8 is highly pathogenic in mice; whereas the PR/8 with D16G is less lethal confirming that a single mutation in the N terminus of NP of the human PR/8 virus ignificantly decreases the pathogenicity of the virus in mice. Similarly; introduction the human-like G16D substitution into the NP of highly pathogenic A/Vietnam/1203/04 (H5N1) virus decreases lethality in mice./Also called unconventional nuclear localization signal motif. This site mediates nuclear import of the NP of influenza A virus.,9770415/Uniprot:P03466/7745727/10438825/9621005/18058063,"Determinant of pathogenicity, virulence and disease progresson"
738,66,C,M,194,8,0.04,2,2,41,35,0.98,1,1,189,5,7,1,A,5174,5,NO VAC,NP_H1,NP,Synonymous,A22A,No,NA,NA,NA,Not known function (Synonymous)
758,1308,G,R,3378,479,0.124,2,2,39,39,0.98,1,1,1079,2299,164,315,A,4495,5,NO VAC,NP_H1,NP,Synonymous,R436R,No,NA,NA,NA,Not known function (Synonymous)
779,208,G,K,3876,47,0.012,2,2,38,34,0.98,1,1,3192,684,42,5,T,4477,5,PRIME BOOST,NP_H1,NP,Non_Synonymous,A70S,Yes,Influenza A_NP_RNA-binding-domain_1/Influenza A_NP_PB2-interaction-domain_1,NA,7745727/10438825/9621005,Viral genome/protein interaction
805,861,T,Y,355,6,0.017,2,2,39,34,0.98,1,1,262,93,5,1,C,4484,5,SINGLE LAIV,NP_H1,NP,Synonymous,S287S,No,NA,NA,NA,Not known function (Synonymous)
805,868,G,R,363,15,0.04,2,2,40,42,0.98,1,1,257,106,11,4,A,4484,5,SINGLE LAIV,NP_H1,NP,Non_Synonymous,D290N,Yes,Influenza A_NP_PB2-interaction-domain_255/Influenza A_NP-NP-association-region_189,NA,9621005/10405371,Viral genome/protein interaction
867,208,G,K,2936,39,0.013,2,2,37,34,0.98,1,1,2479,457,37,2,T,4477,6,PRIME BOOST,NP_H1,NP,Non_Synonymous,A70S,Yes,Influenza A_NP_RNA-binding-domain_1/Influenza A_NP_PB2-interaction-domain_1,NA,7745727/10438825/9621005,Viral genome/protein interaction
880,1289,G,R,3099,45,0.014,2,2,38,38,0.98,1,1,1146,1953,20,25,A,4483,6,PRIME BOOST,NP_H1,NP,Non_Synonymous,S430N,Yes,Influenza A_NP-NP-association-region_371/Influenza A_NP_PB2-interaction-domain_255/Influenza A_NP_PB2-binding-site_340,NA,9621005/10405371,Viral genome/protein interaction
474,455,A,R,7198,94,0.013,2,2,37,36,0.98,1,1,4188,3010,45,49,G,5174,2,NO VAC,NS_H1,NS1,Non_Synonymous,E152G,Yes,Influenza A_NS1_NES-mask_148/Influenza A_NS1_effector-domain_87,Sequence added to Influenza A_NS1_SF29 inhibits NES activity. R148; E152; and E153 are critical for the function of the mask; including in the context of full-length NS1./The NS1 effector domain mediates interactions with several host proteins and may stabilize the N-terminal RNA-binding domain.,9560194/18725644/18796704/16715094/18585749,"Viral genome transportation, transcription and replication"
474,499,C,Y,7179,141,0.019,2,2,37,36,0.98,1,1,3636,3543,70,71,T,5174,2,NO VAC,NS_H1,NS1,Non_Synonymous,P167S,Yes,Influenza A_NS1_effector-domain_87,The NS1 effector domain mediates interactions with several host proteins and may stabilize the N-terminal RNA-binding domain.,18725644/18796704/16715094/18585749,Host-virus interaction machinery
474,617,G,R,6611,84,0.013,2,2,39,38,0.98,1,1,2276,4335,30,54,A,5174,2,NO VAC,NS_H1,NS2,Non_Synonymous,V49I,No,NA,NA,NA,Not known function (Non_Synonymous)
474,617,G,R,6611,84,0.013,2,2,39,38,0.98,1,1,2276,4335,30,54,A,5174,2,NO VAC,NS_H1,NS1,Non_Synonymous,R206H,Yes,Influenza A_NS1_flexible-tail_204,The flexible tail appears to be unstructured and variable in length. It contains a number of motifs; including CDK/ERK phosphorylation; Crk/CrkL SH3 binding; PDZ ligand and NoLS/NLS2.,18585749/Uniprot:P03496,Host-virus interaction machinery
474,705,G,R,5592,97,0.017,2,2,39,37,0.98,1,1,904,4688,10,87,A,5174,2,NO VAC,NS_H1,NS2,stop_gained,W78*,Yes,NA,NA,NA,Not known function (Stop_Codon)
526,302,A,R,6836,77,0.011,2,2,39,38,0.98,1,1,4226,2610,47,30,G,4473,2,SINGLE LAIV,NS_H1,NS1,Non_Synonymous,D101G,Yes,Influenza A_NS1_determinant-of-virulence_101/Influenza A_NS1_p85b-binding-site_87/Influenza A_NS1_eIF4GI-interaction-site_81/Influenza A_NS1_effector-domain_87,Passaging of HK156 viruses in mouse brain and embryonated eggs led to the selection of high and low virulent variants in the mice model respectively. These phenotypic changes are confered by changes in amino acids in HA residues (211); PB1 (456 and 712); PA (631); NP (127) and NS1 (101) proteins./Necessary for binding p85beta and activating PI3K signaling. Required for efficient virus replication; perhaps by delaying host-cell apoptosis or by enhancing sodium channel activity./Interaction of NS1 with eIF4GI may lead to preferential translation of viral mRNAs./The NS1 effector domain mediates interactions with several host proteins and may stabilize the N-terminal RNA-binding domain.,10873787/20133840/16963558/17881440/19403603/17229704/10938102/18725644/18796704/16715094/18585749,"Determinant of pathogenicity, virulence and disease progresson"
526,328,A,R,7046,138,0.019,2,2,39,36,0.98,1,1,4478,2568,77,61,G,4473,2,SINGLE LAIV,NS_H1,NS1,Non_Synonymous,K110E,Yes,Influenza A_NS1_ED-helix-dimer_106/Influenza A_NS1_CPSF30-binding-site_103/Influenza A_NS1_eIF4GI-interaction-site_81/Influenza A_NS1_effector-domain_87,The helix-helix ED conformation is conserved in all apo-ED crystal structures; though its physiological relevance is unknown. W187 is essential for ED dimerization in vitro./Necessary for binding CPSF30 and inhibiting the posttranscriptional 3'-end processing of cellular pre-mRNAs./Interaction of NS1 with eIF4GI may lead to preferential translation of viral mRNAs./The NS1 effector domain mediates interactions with several host proteins and may stabilize the N-terminal RNA-binding domain.,18585749/20133840/17522219/12667806/20444891/18725644/17442719/10938102/18725644/18796704/16715094/18585749,Host-virus interaction machinery
526,451,A,R,6867,82,0.012,2,2,38,38,0.98,1,1,3727,3140,46,36,G,4473,2,SINGLE LAIV,NS_H1,NS1,Non_Synonymous,T151A,Yes,Influenza A_NS1_CPSF30-binding-site_103/Influenza A_NS1_NES-mask_148/Influenza A_NS1_effector-domain_87,Necessary for binding CPSF30 and inhibiting the posttranscriptional 3'-end processing of cellular pre-mRNAs./Sequence added to Influenza A_NS1_SF29 inhibits NES activity. R148; E152; and E153 are critical for the function of the mask; including in the context of full-length NS1./The NS1 effector domain mediates interactions with several host proteins and may stabilize the N-terminal RNA-binding domain.,17522219/12667806/20444891/18725644/17442719/9560194/18725644/18796704/16715094/18585749,Host-virus interaction machinery
683,703,G,R,4211,139,0.032,2,2,39,38,0.98,1,1,602,3609,17,122,A,4490,4,NO VAC,NS_H1,NS2,Synonymous,R77R,No,NA,NA,NA,Not known function (Synonymous)
691,288,G,K,7176,92,0.013,2,2,38,38,0.98,1,1,4725,2451,71,21,T,4477,4,PRIME BOOST,NS_H1,NS1,Non_Synonymous,E96D,Yes,Influenza A_NS1_p85b-binding-site_87/Influenza A_NS1_TRIM25-interaction-site_96/Influenza A_NS1_determinants-of-virulence_90/Influenza A_NS1_eIF4GI-interaction-site_81/Influenza A_NS1_effector-domain_87,Necessary for binding p85beta and activating PI3K signaling. Required for efficient virus replication; perhaps by delaying host-cell apoptosis or by enhancing sodium channel activity./Necessary for interaction with TRIM25; a mechanism by which NS1 inhibits RIG-I. Same residues are also essential for PI3K activation; possibly by making direct contact with the p110 activation loop /The changed length of the NS1 eIF4GI binding domain in H5N1 viruses with a 5-amino acid deletion can cause increased virulence and pathogenicity. Truncation of the eIF4GI binding domain attenuates replication invitro and invivo./Interaction of NS1 with eIF4GI may lead to preferential translation of viral mRNAs./The NS1 effector domain mediates interactions with several host proteins and may stabilize the N-terminal RNA-binding domain.,20133840/16963558/17881440/19403603/17229704/19454348/20854176/10938102/18725644/18796704/16715094/18585749,Host-virus interaction machinery
702,819,T,Y,947,10,0.01,2,2,36,32,0.98,1,1,32,915,1,9,C,4473,4,SINGLE LAIV,NS_H1,NS2,Non_Synonymous,F116S,No,NA,NA,NA,Not known function (Non_Synonymous)
738,796,A,R,1325,28,0.021,2,2,36,34,0.98,1,1,45,1280,1,27,G,5174,5,NO VAC,NS_H1,NS2,Synonymous,E108E,No,NA,NA,NA,Not known function (Synonymous)
771,263,G,R,6118,1101,0.153,2,2,37,37,0.98,1,1,4157,1961,767,334,A,4490,5,NO VAC,NS_H1,NS1,Non_Synonymous,R88H,Yes,Influenza A_NS1_eIF4GI-interaction-site_81/Influenza A_NS1_effector-domain_87,Interaction of NS1 with eIF4GI may lead to preferential translation of viral mRNAs./The NS1 effector domain mediates interactions with several host proteins and may stabilize the N-terminal RNA-binding domain.,10938102/18725644/18796704/16715094/18585749,Host-virus interaction machinery
771,703,G,A,739,5102,0.874,2,2,38,39,0.98,1,1,93,646,757,4345,A,4490,5,NO VAC,NS_H1,NS2,Synonymous,R77R,No,NA,NA,NA,Not known function (Synonymous)
779,801,A,R,2351,29,0.012,2,2,36,36,0.98,1,1,75,2276,1,28,G,4477,5,PRIME BOOST,NS_H1,NS2,Non_Synonymous,E110G,No,NA,NA,NA,Not known function (Non_Synonymous)
805,157,G,K,626,11,0.017,2,2,39,37,0.98,1,1,514,112,9,2,T,4484,5,SINGLE LAIV,NS_H1,NS1,Non_Synonymous,D53Y,Yes,Influenza A_NS1_RNA-binding-domain_1,The N-terminal domain of NS1 binds several RNA species; including dsRNA. This domain also mediates interactions with RIG-I; possibly via dsRNA intermediates; PABPI; and importin-alpha.,18796704/17475623/18813227,Host-virus interaction machinery
805,459,G,R,1111,33,0.029,2,2,38,35,0.98,1,1,610,501,22,11,A,4484,5,SINGLE LAIV,NS_H1,NS1,Synonymous,E153E,No,NA,NA,NA,Not known function (Synonymous)
859,703,G,R,781,2199,0.738,2,2,38,40,0.98,1,1,98,683,378,1821,A,4490,6,NO VAC,NS_H1,NS2,Synonymous,R77R,No,NA,NA,NA,Not known function (Synonymous)
474,108,T,Y,520,7,0.013,2,2,38,35,0.98,1,1,514,6,6,1,C,5174,2,NO VAC,PA_H1,PA-X,Synonymous,A36A,No,NA,NA,NA,Not known function (Synonymous)
474,108,T,Y,520,7,0.013,2,2,38,35,0.98,1,1,514,6,6,1,C,5174,2,NO VAC,PA_H1,PA,Synonymous,A36A,No,NA,NA,NA,Not known function (Synonymous)
474,878,A,R,2039,31,0.015,2,2,37,35,0.98,1,1,1177,862,22,9,G,5174,2,NO VAC,PA_H1,PA,Non_Synonymous,E293G,Yes,Influenza A_PA_PB1-binding-region_257,The C-terminus of PA interacts with the N-terminal region of PB1 (residues 1-25). This subunit interface complex is essential for initiation of transcription.,18615018,Viral genome/protein interaction
474,943,T,Y,2376,35,0.015,2,2,38,36,0.98,1,1,1652,724,21,14,C,5174,2,NO VAC,PA_H1,PA,Non_Synonymous,F315L,Yes,Influenza A_PA_PB1-binding-region_257,The C-terminus of PA interacts with the N-terminal region of PB1 (residues 1-25). This subunit interface complex is essential for initiation of transcription.,18615018,Viral genome/protein interaction
474,1041,C,M,2428,35,0.014,2,2,39,38,0.98,1,1,1672,756,21,14,A,5174,2,NO VAC,PA_H1,PA,Non_Synonymous,D347E,Yes,Influenza A_PA_PB1-binding-region_257,The C-terminus of PA interacts with the N-terminal region of PB1 (residues 1-25). This subunit interface complex is essential for initiation of transcription.,18615018,Viral genome/protein interaction
474,1118,A,R,2675,93,0.034,2,2,38,37,0.98,1,1,1381,1294,51,42,G,5174,2,NO VAC,PA_H1,PA,Non_Synonymous,N373S,Yes,Influenza A_PA_PB1-binding-region_257,The C-terminus of PA interacts with the N-terminal region of PB1 (residues 1-25). This subunit interface complex is essential for initiation of transcription.,18615018,Viral genome/protein interaction
474,1507,T,Y,2785,30,0.011,2,2,39,39,0.98,1,1,1642,1143,14,16,C,5174,2,NO VAC,PA_H1,PA,Non_Synonymous,F503L,Yes,Influenza A_PA_PB1-binding-region_257,The C-terminus of PA interacts with the N-terminal region of PB1 (residues 1-25). This subunit interface complex is essential for initiation of transcription.,18615018,Viral genome/protein interaction
474,1666,C,M,2235,123,0.052,2,2,38,35,0.98,1,1,1149,1086,53,70,A,5174,2,NO VAC,PA_H1,PA,Non_Synonymous,Q556K,Yes,Influenza A_PA_PB1-binding-region_257,The C-terminus of PA interacts with the N-terminal region of PB1 (residues 1-25). This subunit interface complex is essential for initiation of transcription.,18615018,Viral genome/protein interaction
474,1956,T,Y,1020,41,0.039,2,2,39,35,0.98,1,1,357,663,13,28,C,5174,2,NO VAC,PA_H1,PA,Synonymous,S652S,No,NA,NA,NA,Not known function (Synonymous)
474,2109,T,Y,433,56,0.115,2,2,38,36,0.98,1,1,40,393,2,54,C,5174,2,NO VAC,PA_H1,PA,Synonymous,N703N,No,NA,NA,NA,Not known function (Synonymous)
526,535,A,R,975,27,0.027,2,2,37,35,0.98,1,1,519,456,17,10,G,4473,2,SINGLE LAIV,PA_H1,PA-X,Non_Synonymous,R179G,No,NA,NA,NA,Not known function (Non_Synonymous)
526,535,A,R,975,27,0.027,2,2,37,35,0.98,1,1,519,456,17,10,G,4473,2,SINGLE LAIV,PA_H1,PA,Non_Synonymous,R179G,No,NA,NA,NA,Not known function (Non_Synonymous)
526,1496,A,M,2249,148,0.062,2,2,39,38,0.98,1,1,1293,956,88,60,C,4473,2,SINGLE LAIV,PA_H1,PA,Non_Synonymous,N499T,Yes,Influenza A_PA_PB1-binding-region_257,The C-terminus of PA interacts with the N-terminal region of PB1 (residues 1-25). This subunit interface complex is essential for initiation of transcription.,18615018,Viral genome/protein interaction
526,1640,A,R,2090,22,0.01,2,2,37,40,0.98,1,1,921,1169,10,12,G,4473,2,SINGLE LAIV,PA_H1,PA,Non_Synonymous,D547G,Yes,Influenza A_PA_PB1-binding-region_257,The C-terminus of PA interacts with the N-terminal region of PB1 (residues 1-25). This subunit interface complex is essential for initiation of transcription.,18615018,Viral genome/protein interaction
526,2072,A,R,573,10,0.017,2,2,40,34,0.98,1,1,87,486,1,9,G,4473,2,SINGLE LAIV,PA_H1,PA,Non_Synonymous,E691G,Yes,Influenza A_PA_PB1-binding-region_257,The C-terminus of PA interacts with the N-terminal region of PB1 (residues 1-25). This subunit interface complex is essential for initiation of transcription.,18615018,Viral genome/protein interaction
650,207,T,Y,795,10,0.012,2,2,40,52,0.98,1,1,575,220,9,1,C,5174,4,NO VAC,PA_H1,PA-X,Synonymous,N69N,No,NA,NA,NA,Not known function (Synonymous)
650,207,T,Y,795,10,0.012,2,2,40,52,0.98,1,1,575,220,9,1,C,5174,4,NO VAC,PA_H1,PA,Synonymous,N69N,No,NA,NA,NA,Not known function (Synonymous)
650,2009,A,R,970,22,0.022,2,2,42,45,0.98,1,1,298,672,10,12,G,5174,4,NO VAC,PA_H1,PA,Non_Synonymous,Q670R,Yes,Influenza A_PA_PB1-binding-region_257,The C-terminus of PA interacts with the N-terminal region of PB1 (residues 1-25). This subunit interface complex is essential for initiation of transcription.,18615018,Viral genome/protein interaction
650,2109,T,Y,492,78,0.137,2,2,38,40,0.98,1,1,42,450,10,68,C,5174,4,NO VAC,PA_H1,PA,Synonymous,N703N,No,NA,NA,NA,Not known function (Synonymous)
670,984,A,R,4572,60,0.013,2,2,37,36,0.98,1,1,3105,1467,34,26,G,4495,4,NO VAC,PA_H1,PA,Synonymous,R328R,No,NA,NA,NA,Not known function (Synonymous)
683,209,C,Y,881,12,0.013,2,2,39,34,0.98,1,1,656,225,10,2,T,4490,4,NO VAC,PA_H1,PA-X,Non_Synonymous,A70V,No,NA,NA,NA,Not known function (Non_Synonymous)
683,209,C,Y,881,12,0.013,2,2,39,34,0.98,1,1,656,225,10,2,T,4490,4,NO VAC,PA_H1,PA,Non_Synonymous,A70V,No,NA,NA,NA,Not known function (Non_Synonymous)
683,2070,C,Y,717,148,0.171,2,2,39,37,0.98,1,1,89,628,15,133,T,4490,4,NO VAC,PA_H1,PA,Synonymous,I690I,No,NA,NA,NA,Not known function (Synonymous)
691,175,G,R,974,14,0.014,2,2,40,34,0.98,1,1,784,190,11,3,A,4477,4,PRIME BOOST,PA_H1,PA-X,Non_Synonymous,E59K,No,NA,NA,NA,Not known function (Non_Synonymous)
691,175,G,R,974,14,0.014,2,2,40,34,0.98,1,1,784,190,11,3,A,4477,4,PRIME BOOST,PA_H1,PA,Non_Synonymous,E59K,No,NA,NA,NA,Not known function (Non_Synonymous)
691,815,A,R,1974,56,0.028,2,2,37,35,0.98,1,1,1054,920,25,31,G,4477,4,PRIME BOOST,PA_H1,PA,Non_Synonymous,D272G,Yes,Influenza A_PA_PB1-binding-region_257,The C-terminus of PA interacts with the N-terminal region of PB1 (residues 1-25). This subunit interface complex is essential for initiation of transcription.,18615018,Viral genome/protein interaction
691,1761,G,A,11,2347,0.995,2,2,34,38,0.98,1,1,6,5,1106,1241,A,4477,4,PRIME BOOST,PA_H1,PA,Synonymous,Q587Q,No,NA,NA,NA,Not known function (Synonymous)
716,477,G,A,4,2606,0.999,2,2,33,37,0.98,1,1,1,3,1501,1105,A,4481,4,SINGLE LAIV,PA_H1,PA-X,Synonymous,A159A,No,NA,NA,NA,Not known function (Synonymous)
716,477,G,A,4,2606,0.999,2,2,33,37,0.98,1,1,1,3,1501,1105,A,4481,4,SINGLE LAIV,PA_H1,PA,Synonymous,A159A,No,NA,NA,NA,Not known function (Synonymous)
716,1765,C,M,3284,65,0.019,2,2,38,37,0.98,1,1,1533,1751,18,47,A,4481,4,SINGLE LAIV,PA_H1,PA,Non_Synonymous,L589I,Yes,Influenza A_PA_PB1-binding-region_257,The C-terminus of PA interacts with the N-terminal region of PB1 (residues 1-25). This subunit interface complex is essential for initiation of transcription.,18615018,Viral genome/protein interaction
716,2109,T,C,2,671,0.997,1,2,34,37,0.98,1,1,0,2,36,635,C,4481,4,SINGLE LAIV,PA_H1,PA,Synonymous,N703N,No,NA,NA,NA,Not known function (Synonymous)
738,679,G,R,1318,25,0.019,2,2,39,36,0.98,1,1,675,643,14,11,A,5174,5,NO VAC,PA_H1,PA-X,Synonymous,L226L,No,NA,NA,NA,Not known function (Synonymous)
738,679,G,R,1318,25,0.019,2,2,39,36,0.98,1,1,675,643,14,11,A,5174,5,NO VAC,PA_H1,PA,Non_Synonymous,E227K,No,NA,NA,NA,Not known function (Non_Synonymous)
738,1932,T,W,1264,35,0.027,2,2,38,34,0.98,1,1,389,875,10,25,A,5174,5,NO VAC,PA_H1,PA,Synonymous,S644S,No,NA,NA,NA,Not known function (Synonymous)
738,2109,T,Y,627,19,0.029,2,2,38,46,0.98,1,1,48,579,5,14,C,5174,5,NO VAC,PA_H1,PA,Synonymous,N703N,No,NA,NA,NA,Not known function (Synonymous)
758,181,G,K,1699,36,0.021,2,2,41,36,0.98,1,1,1381,318,32,4,T,4495,5,NO VAC,PA_H1,PA-X,Non_Synonymous,V61L,No,NA,NA,NA,Not known function (Non_Synonymous)
771,647,A,R,2891,62,0.021,2,2,37,36,0.98,1,1,1668,1223,39,23,G,4490,5,NO VAC,PA_H1,PA-X,Non_Synonymous,T216A,No,NA,NA,NA,Not known function (Non_Synonymous)
758,181,G,K,1699,36,0.021,2,2,41,36,0.98,1,1,1381,318,32,4,T,4495,5,NO VAC,PA_H1,PA,Non_Synonymous,V61L,No,NA,NA,NA,Not known function (Non_Synonymous)
771,647,A,R,2891,62,0.021,2,2,37,36,0.98,1,1,1668,1223,39,23,G,4490,5,NO VAC,PA_H1,PA,Non_Synonymous,D216G,No,NA,NA,NA,Not known function (Non_Synonymous)
771,1122,G,R,4286,82,0.019,2,2,38,35,0.98,1,1,2398,1888,52,30,A,4490,5,NO VAC,PA_H1,PA,Non_Synonymous,M374I,Yes,Influenza A_PA_PB1-binding-region_257,The C-terminus of PA interacts with the N-terminal region of PB1 (residues 1-25). This subunit interface complex is essential for initiation of transcription.,18615018,Viral genome/protein interaction
771,1383,G,R,4817,87,0.018,2,2,37,33,0.98,1,1,2618,2199,51,36,A,4490,5,NO VAC,PA_H1,PA,Synonymous,K461K,No,NA,NA,NA,Not known function (Synonymous)
779,190,G,R,1650,25,0.015,2,2,40,36,0.98,1,1,1292,358,14,11,A,4477,5,PRIME BOOST,PA_H1,PA-X,Non_Synonymous,E64K,No,NA,NA,NA,Not known function (Non_Synonymous)
779,190,G,R,1650,25,0.015,2,2,40,36,0.98,1,1,1292,358,14,11,A,4477,5,PRIME BOOST,PA_H1,PA,Non_Synonymous,E64K,No,NA,NA,NA,Not known function (Non_Synonymous)
779,815,A,R,2819,102,0.035,2,2,37,35,0.98,1,1,1424,1395,51,51,G,4477,5,PRIME BOOST,PA_H1,PA,Non_Synonymous,D272G,Yes,Influenza A_PA_PB1-binding-region_257,The C-terminus of PA interacts with the N-terminal region of PB1 (residues 1-25). This subunit interface complex is essential for initiation of transcription.,18615018,Viral genome/protein interaction
779,1761,G,A,93,3699,0.975,2,2,36,38,0.98,1,1,30,63,1728,1971,A,4477,5,PRIME BOOST,PA_H1,PA,Synonymous,Q587Q,No,NA,NA,NA,Not known function (Synonymous)
804,477,G,A,1,2118,1,1,2,25,37,0.98,1,1,0,1,1196,922,A,4481,5,SINGLE LAIV,PA_H1,PA-X,Synonymous,A159A,No,NA,NA,NA,Not known function (Synonymous)
804,477,G,A,1,2118,1,1,2,25,37,0.98,1,1,0,1,1196,922,A,4481,5,SINGLE LAIV,PA_H1,PA,Synonymous,A159A,No,NA,NA,NA,Not known function (Synonymous)
804,994,C,Y,3395,69,0.02,2,2,37,37,0.98,1,1,2405,990,44,25,T,4481,5,SINGLE LAIV,PA_H1,PA,Non_Synonymous,P332S,Yes,Influenza A_PA_PB1-binding-region_257,The C-terminus of PA interacts with the N-terminal region of PB1 (residues 1-25). This subunit interface complex is essential for initiation of transcription.,18615018,Viral genome/protein interaction
804,1765,C,M,1542,1643,0.516,2,2,37,37,0.98,1,1,764,778,594,1049,A,4481,5,SINGLE LAIV,PA_H1,PA,Non_Synonymous,L589I,Yes,Influenza A_PA_PB1-binding-region_257,The C-terminus of PA interacts with the N-terminal region of PB1 (residues 1-25). This subunit interface complex is essential for initiation of transcription.,18615018,Viral genome/protein interaction
804,2109,T,C,1,635,0.998,1,2,32,37,0.98,1,1,0,1,34,601,C,4481,5,SINGLE LAIV,PA_H1,PA,Synonymous,N703N,No,NA,NA,NA,Not known function (Synonymous)
805,1608,A,R,335,5,0.015,2,2,38,35,0.98,1,1,159,176,3,2,G,4484,5,SINGLE LAIV,PA_H1,PA,Synonymous,K536K,No,NA,NA,NA,Not known function (Synonymous)
805,1753,C,M,377,4,0.011,2,2,42,30,0.98,1,1,212,165,1,3,A,4484,5,SINGLE LAIV,PA_H1,PA,Non_Synonymous,L585I,Yes,Influenza A_PA_PB1-binding-region_257,The C-terminus of PA interacts with the N-terminal region of PB1 (residues 1-25). This subunit interface complex is essential for initiation of transcription.,18615018,Viral genome/protein interaction
805,2109,T,C,23,97,0.808,1,2,34,40,0.98,1,1,0,23,11,86,C,4484,5,SINGLE LAIV,PA_H1,PA,Synonymous,N703N,No,NA,NA,NA,Not known function (Synonymous)
867,1377,A,R,4708,69,0.014,2,2,37,33,0.98,1,1,2564,2144,28,41,G,4477,6,PRIME BOOST,PA_H1,PA,Non_Synonymous,I459M,Yes,Influenza A_PA_PB1-binding-region_257,The C-terminus of PA interacts with the N-terminal region of PB1 (residues 1-25). This subunit interface complex is essential for initiation of transcription.,18615018,Viral genome/protein interaction
867,1761,G,A,133,3063,0.958,2,2,37,38,0.98,1,1,55,78,1407,1656,A,4477,6,PRIME BOOST,PA_H1,PA,Synonymous,Q587Q,No,NA,NA,NA,Not known function (Synonymous)
878,631,A,R,2974,31,0.01,2,2,37,37,0.98,1,1,1765,1209,17,14,G,4473,6,SINGLE LAIV,PA_H1,PA-X,Synonymous,L210L,No,NA,NA,NA,Not known function (Synonymous)
878,631,A,R,2974,31,0.01,2,2,37,37,0.98,1,1,1765,1209,17,14,G,4473,6,SINGLE LAIV,PA_H1,PA,Non_Synonymous,M211V,No,NA,NA,NA,Not known function (Non_Synonymous)
878,1856,G,K,2588,29,0.011,2,2,37,35,0.98,1,1,832,1756,16,13,T,4473,6,SINGLE LAIV,PA_H1,PA,Non_Synonymous,W619L,Yes,Influenza A_PA_PB1-binding-region_257,The C-terminus of PA interacts with the N-terminal region of PB1 (residues 1-25). This subunit interface complex is essential for initiation of transcription.,18615018,Viral genome/protein interaction
878,1863,C,Y,2544,48,0.019,2,2,37,34,0.98,1,1,809,1735,10,38,T,4473,6,SINGLE LAIV,PA_H1,PA,Synonymous,I621I,No,NA,NA,NA,Not known function (Synonymous)
880,633,G,R,2040,38,0.018,2,2,37,34,0.98,1,1,1254,786,23,15,A,4483,6,PRIME BOOST,PA_H1,PA-X,Non_Synonymous,C211Y,No,NA,NA,NA,Not known function (Non_Synonymous)
880,633,G,R,2040,38,0.018,2,2,37,34,0.98,1,1,1254,786,23,15,A,4483,6,PRIME BOOST,PA_H1,PA,Non_Synonymous,M211I,No,NA,NA,NA,Not known function (Non_Synonymous)
880,888,T,C,2,2426,0.999,2,2,36,36,0.98,1,1,1,1,1431,995,C,4483,6,PRIME BOOST,PA_H1,PA,Synonymous,S296S,No,NA,NA,NA,Not known function (Synonymous)
880,1263,C,Y,3774,59,0.015,2,2,38,37,0.98,1,1,1980,1794,29,30,T,4483,6,PRIME BOOST,PA_H1,PA,Synonymous,S421S,No,NA,NA,NA,Not known function (Synonymous)
892,477,G,A,520,2385,0.821,2,2,37,37,0.98,1,1,259,261,1376,1009,A,4481,6,SINGLE LAIV,PA_H1,PA-X,Synonymous,A159A,No,NA,NA,NA,Not known function (Synonymous)
892,477,G,A,520,2385,0.821,2,2,37,37,0.98,1,1,259,261,1376,1009,A,4481,6,SINGLE LAIV,PA_H1,PA,Synonymous,A159A,No,NA,NA,NA,Not known function (Synonymous)
892,1765,C,M,3001,1295,0.301,2,2,38,37,0.98,1,1,1480,1521,471,824,A,4481,6,SINGLE LAIV,PA_H1,PA,Non_Synonymous,L589I,Yes,Influenza A_PA_PB1-binding-region_257,The C-terminus of PA interacts with the N-terminal region of PB1 (residues 1-25). This subunit interface complex is essential for initiation of transcription.,18615018,Viral genome/protein interaction
892,1869,G,R,3409,42,0.012,2,2,38,35,0.98,1,1,1213,2196,14,28,A,4481,6,SINGLE LAIV,PA_H1,PA,Synonymous,E623E,No,NA,NA,NA,Not known function (Synonymous)
892,1935,A,R,2534,41,0.016,2,2,38,38,0.98,1,1,711,1823,7,34,G,4481,6,SINGLE LAIV,PA_H1,PA,Synonymous,V645V,No,NA,NA,NA,Not known function (Synonymous)
892,2109,T,C,163,822,0.835,2,2,36,37,0.98,1,1,11,152,38,784,C,4481,6,SINGLE LAIV,PA_H1,PA,Synonymous,N703N,No,NA,NA,NA,Not known function (Synonymous)
474,531,G,R,339,55,0.14,2,2,37,37,0.98,1,1,145,194,23,32,A,5174,2,NO VAC,PB1_H1,PB1,Synonymous,E177E,No,NA,NA,NA,Not known function (Synonymous)
474,699,A,R,435,6,0.014,2,2,37,36,0.98,1,1,348,87,5,1,G,5174,2,NO VAC,PB1_H1,PB1,Synonymous,R233R,No,NA,NA,NA,Not known function (Synonymous)
474,1222,A,R,491,19,0.037,2,2,36,34,0.98,1,1,278,213,10,9,G,5174,2,NO VAC,PB1_H1,PB1,Non_Synonymous,M408V,No,NA,NA,NA,Not known function (Non_Synonymous)
474,1297,A,R,538,11,0.02,2,2,37,34,0.98,1,1,337,201,7,4,G,5174,2,NO VAC,PB1_H1,PB1,Non_Synonymous,R433G,No,NA,NA,NA,Not known function (Non_Synonymous)
526,253,A,R,263,4,0.015,2,2,38,36,0.98,1,1,176,87,2,2,G,4473,2,SINGLE LAIV,PB1_H1,PB1-F2,Synonymous,K53K,No,NA,NA,NA,Not known function (Synonymous)
526,253,A,R,263,4,0.015,2,2,38,36,0.98,1,1,176,87,2,2,G,4473,2,SINGLE LAIV,PB1_H1,PB1,Non_Synonymous,T85A,No,NA,NA,NA,Not known function (Non_Synonymous)
526,444,A,R,324,37,0.103,2,2,37,33,0.98,1,1,166,158,19,18,G,4473,2,SINGLE LAIV,PB1_H1,PB1,Synonymous,E148E,No,NA,NA,NA,Not known function (Synonymous)
526,687,A,R,358,4,0.011,2,2,37,36,0.98,1,1,227,131,2,2,G,4473,2,SINGLE LAIV,PB1_H1,PB1,Synonymous,K229K,No,NA,NA,NA,Not known function (Synonymous)
526,791,A,R,363,7,0.019,2,2,38,37,0.98,1,1,207,156,2,5,G,4473,2,SINGLE LAIV,PB1_H1,PB1,Non_Synonymous,E264G,No,NA,NA,NA,Not known function (Non_Synonymous)
650,126,A,R,492,6,0.012,2,2,37,39,0.98,1,1,468,24,3,3,G,5174,4,NO VAC,PB1_H1,PB1-F2,Non_Synonymous,Q11R,No,NA,NA,NA,Not known function (Non_Synonymous)
650,126,A,R,492,6,0.012,2,2,37,39,0.98,1,1,468,24,3,3,G,5174,4,NO VAC,PB1_H1,PB1,Synonymous,T42T,No,NA,NA,NA,Not known function (Synonymous)
650,531,G,R,440,33,0.07,2,2,36,33,0.98,1,1,174,266,15,18,A,5174,4,NO VAC,PB1_H1,PB1,Synonymous,E177E,No,NA,NA,NA,Not known function (Synonymous)
650,699,A,R,553,10,0.018,2,2,36,38,0.98,1,1,423,130,7,3,G,5174,4,NO VAC,PB1_H1,PB1,Synonymous,R233R,No,NA,NA,NA,Not known function (Synonymous)
650,991,G,R,715,9,0.012,2,2,36,42,0.98,1,1,478,237,6,3,A,5174,4,NO VAC,PB1_H1,PB1,Non_Synonymous,E331K,No,NA,NA,NA,Not known function (Non_Synonymous)
650,1430,T,W,746,14,0.018,2,2,37,37,0.98,1,1,484,262,7,7,A,5174,4,NO VAC,PB1_H1,PB1,Non_Synonymous,M477K,No,NA,NA,NA,Not known function (Non_Synonymous)
650,1464,G,R,833,11,0.013,2,2,37,34,0.98,1,1,511,322,7,4,A,5174,4,NO VAC,PB1_H1,PB1,Synonymous,G488G,No,NA,NA,NA,Not known function (Synonymous)
650,1662,C,M,912,10,0.011,2,2,37,38,0.98,1,1,389,523,3,7,A,5174,4,NO VAC,PB1_H1,PB1,Non_Synonymous,D554E,No,NA,NA,NA,Not known function (Non_Synonymous)
650,1679,G,R,940,11,0.012,2,2,37,33,0.98,1,1,448,492,6,5,A,5174,4,NO VAC,PB1_H1,PB1,Non_Synonymous,R560K,No,NA,NA,NA,Not known function (Non_Synonymous)
650,1882,C,M,797,9,0.011,2,2,37,35,0.98,1,1,299,498,2,7,A,5174,4,NO VAC,PB1_H1,PB1,Non_Synonymous,L628M,No,NA,NA,NA,Not known function (Non_Synonymous)
650,2218,T,Y,353,7,0.019,2,2,37,40,0.98,1,1,30,323,1,6,C,5174,4,NO VAC,PB1_H1,PB1,Non_Synonymous,F740L,Yes,Influenza A_PB1_PB2-binding-region_685,The C-terminal three helix bundle of PB1 binds to 1-37 and 1-86 fragments on the N-terminus of PB2. This interface is crucial for the regulation of overall enzyme activity,19461581/17967456/8811014,Viral genome/protein interaction
670,364,C,Y,691,33,0.046,2,2,38,36,0.98,1,1,398,293,9,24,T,4495,4,NO VAC,PB1_H1,PB1,Synonymous,L122L,No,NA,NA,NA,Not known function (Synonymous)
670,480,A,R,453,5,0.011,2,2,36,31,0.98,1,1,227,226,1,4,G,4495,4,NO VAC,PB1_H1,PB1,Synonymous,S160S,No,NA,NA,NA,Not known function (Synonymous)
670,936,C,Y,932,11,0.012,2,2,41,52,0.98,1,1,592,340,8,3,T,4495,4,NO VAC,PB1_H1,PB1,Synonymous,N312N,No,NA,NA,NA,Not known function (Synonymous)
670,1130,A,R,396,4,0.01,2,2,38,34,0.98,1,1,136,260,1,3,G,4495,4,NO VAC,PB1_H1,PB1,Non_Synonymous,D377G,No,NA,NA,NA,Not known function (Non_Synonymous)
670,2124,G,A,7,737,0.989,2,2,50,41,0.98,1,1,5,2,221,516,A,4495,4,NO VAC,PB1_H1,PB1,Synonymous,P708P,No,NA,NA,NA,Not known function (Synonymous)
683,165,G,K,404,9,0.022,2,2,40,32,0.98,1,1,344,60,7,2,T,4490,4,NO VAC,PB1_H1,PB1-F2,Non_Synonymous,G24V,No,NA,NA,NA,Not known function (Non_Synonymous)
683,165,G,K,404,9,0.022,2,2,40,32,0.98,1,1,344,60,7,2,T,4490,4,NO VAC,PB1_H1,PB1,Non_Synonymous,W55C,No,NA,NA,NA,Not known function (Non_Synonymous)
691,144,A,R,445,8,0.018,2,2,39,35,0.98,1,1,400,45,7,1,G,4477,4,PRIME BOOST,PB1_H1,PB1-F2,Non_Synonymous,N17S,No,NA,NA,NA,Not known function (Non_Synonymous)
691,144,A,R,445,8,0.018,2,2,39,35,0.98,1,1,400,45,7,1,G,4477,4,PRIME BOOST,PB1_H1,PB1,Synonymous,Q48Q,No,NA,NA,NA,Not known function (Synonymous)
691,405,G,R,670,11,0.016,2,2,38,35,0.98,1,1,391,279,5,6,A,4477,4,PRIME BOOST,PB1_H1,PB1,Synonymous,R135R,No,NA,NA,NA,Not known function (Synonymous)
691,531,G,A,4,595,0.993,2,2,36,36,0.98,1,1,1,3,328,267,A,4477,4,PRIME BOOST,PB1_H1,PB1,Synonymous,E177E,No,NA,NA,NA,Not known function (Synonymous)
691,1188,A,R,1081,12,0.011,2,2,36,31,0.98,1,1,456,625,5,7,G,4477,4,PRIME BOOST,PB1_H1,PB1,Synonymous,L396L,No,NA,NA,NA,Not known function (Synonymous)
691,1236,C,Y,1025,14,0.013,2,2,36,32,0.98,1,1,624,401,4,10,T,4477,4,PRIME BOOST,PB1_H1,PB1,Synonymous,F412F,No,NA,NA,NA,Not known function (Synonymous)
691,1397,T,Y,1244,14,0.011,2,2,37,35,0.98,1,1,809,435,11,3,C,4477,4,PRIME BOOST,PB1_H1,PB1,Non_Synonymous,F466S,No,NA,NA,NA,Not known function (Non_Synonymous)
691,2200,C,Y,451,13,0.028,2,2,39,48,0.98,1,1,51,400,6,7,T,4477,4,PRIME BOOST,PB1_H1,PB1,Non_Synonymous,R734W,Yes,Influenza A_PB1_PB2-binding-region_685,The C-terminal three helix bundle of PB1 binds to 1-37 and 1-86 fragments on the N-terminus of PB2. This interface is crucial for the regulation of overall enzyme activity,19461581/17967456/8811014,Viral genome/protein interaction
702,384,T,Y,585,10,0.017,2,2,38,35,0.98,1,1,341,244,4,6,C,4473,4,SINGLE LAIV,PB1_H1,PB1,Synonymous,T128T,No,NA,NA,NA,Not known function (Synonymous)
702,967,A,R,920,13,0.014,2,2,37,34,0.98,1,1,535,385,6,7,G,4473,4,SINGLE LAIV,PB1_H1,PB1,Non_Synonymous,T323A,No,NA,NA,NA,Not known function (Non_Synonymous)
702,1753,T,Y,1182,13,0.011,2,2,38,38,0.98,1,1,625,557,11,2,C,4473,4,SINGLE LAIV,PB1_H1,PB1,Non_Synonymous,S585P,No,NA,NA,NA,Not known function (Non_Synonymous)
716,1145,A,R,1618,102,0.059,2,2,38,36,0.98,1,1,916,702,45,57,G,4481,4,SINGLE LAIV,PB1_H1,PB1,Non_Synonymous,N382S,No,NA,NA,NA,Not known function (Non_Synonymous)
738,531,G,R,293,37,0.112,2,2,36,35,0.98,1,1,74,219,8,29,A,5174,5,NO VAC,PB1_H1,PB1,Synonymous,E177E,No,NA,NA,NA,Not known function (Synonymous)
738,1917,T,W,605,7,0.011,2,2,38,40,0.98,1,1,278,327,5,2,A,5174,5,NO VAC,PB1_H1,PB1,Synonymous,S639S,No,NA,NA,NA,Not known function (Synonymous)
758,364,C,Y,681,11,0.016,2,2,39,38,0.98,1,1,417,264,8,3,T,4495,5,NO VAC,PB1_H1,PB1,Synonymous,L122L,No,NA,NA,NA,Not known function (Synonymous)
758,1635,G,K,1734,20,0.011,2,2,38,34,0.98,1,1,752,982,13,7,T,4495,5,NO VAC,PB1_H1,PB1,Non_Synonymous,Q545H,No,NA,NA,NA,Not known function (Non_Synonymous)
758,2113,T,Y,584,14,0.023,2,2,38,38,0.98,1,1,133,451,8,6,C,4495,5,NO VAC,PB1_H1,PB1,Non_Synonymous,Y705H,Yes,Influenza A_PB1_PB2-binding-region_685,The C-terminal three helix bundle of PB1 binds to 1-37 and 1-86 fragments on the N-terminus of PB2. This interface is crucial for the regulation of overall enzyme activity,19461581/17967456/8811014,Viral genome/protein interaction
758,2124,G,A,1,522,0.998,1,2,36,39,0.98,1,1,0,1,129,393,A,4495,5,NO VAC,PB1_H1,PB1,Synonymous,P708P,No,NA,NA,NA,Not known function (Synonymous)
771,531,G,R,891,82,0.084,2,2,36,34,0.98,1,1,348,543,35,47,A,4490,5,NO VAC,PB1_H1,PB1,Synonymous,E177E,No,NA,NA,NA,Not known function (Synonymous)
771,1924,A,R,1334,19,0.014,2,2,37,39,0.98,1,1,544,790,6,13,G,4490,5,NO VAC,PB1_H1,PB1,Non_Synonymous,S642G,No,NA,NA,NA,Not known function (Non_Synonymous)
779,531,G,A,1,448,0.998,1,2,32,36,0.98,1,1,0,1,235,213,A,4477,5,PRIME BOOST,PB1_H1,PB1,Synonymous,E177E,No,NA,NA,NA,Not known function (Synonymous)
779,535,A,R,464,6,0.013,2,2,37,34,0.98,1,1,248,216,1,5,G,4477,5,PRIME BOOST,PB1_H1,PB1,Non_Synonymous,I179V,No,NA,NA,NA,Not known function (Non_Synonymous)
779,2200,C,Y,1471,68,0.044,2,2,39,42,0.98,1,1,151,1320,17,51,T,4477,5,PRIME BOOST,PB1_H1,PB1,Non_Synonymous,R734W,Yes,Influenza A_PB1_PB2-binding-region_685,The C-terminal three helix bundle of PB1 binds to 1-37 and 1-86 fragments on the N-terminus of PB2. This interface is crucial for the regulation of overall enzyme activity,19461581/17967456/8811014,Viral genome/protein interaction
790,1843,C,Y,2038,38,0.018,2,2,38,36,0.98,1,1,861,1177,9,29,T,4473,5,SINGLE LAIV,PB1_H1,PB1,Synonymous,L615L,No,NA,NA,NA,Not known function (Synonymous)
804,126,A,W,636,9,0.014,2,2,37,36,0.98,1,1,602,34,7,2,T,4481,5,SINGLE LAIV,PB1_H1,PB1-F2,Non_Synonymous,Q11L,No,NA,NA,NA,Not known function (Non_Synonymous)
804,128,T,Y,653,7,0.011,2,2,37,36,0.98,1,1,618,35,5,2,C,4481,5,SINGLE LAIV,PB1_H1,PB1-F2,Non_Synonymous,S12P,No,NA,NA,NA,Not known function (Non_Synonymous)
804,126,A,W,636,9,0.014,2,2,37,36,0.98,1,1,602,34,7,2,T,4481,5,SINGLE LAIV,PB1_H1,PB1,Synonymous,T42T,No,NA,NA,NA,Not known function (Synonymous)
804,128,T,Y,653,7,0.011,2,2,37,36,0.98,1,1,618,35,5,2,C,4481,5,SINGLE LAIV,PB1_H1,PB1,Non_Synonymous,V43A,No,NA,NA,NA,Not known function (Non_Synonymous)
804,1145,A,R,1525,44,0.028,2,2,38,39,0.98,1,1,793,732,24,20,G,4481,5,SINGLE LAIV,PB1_H1,PB1,Non_Synonymous,N382S,No,NA,NA,NA,Not known function (Non_Synonymous)
804,2159,C,Y,821,16,0.019,2,2,38,34,0.98,1,1,139,682,1,15,T,4481,5,SINGLE LAIV,PB1_H1,PB1,Non_Synonymous,S720F,Yes,Influenza A_PB1_PB2-binding-region_685,The C-terminal three helix bundle of PB1 binds to 1-37 and 1-86 fragments on the N-terminus of PB2. This interface is crucial for the regulation of overall enzyme activity,19461581/17967456/8811014,Viral genome/protein interaction
805,531,G,R,51,116,0.695,2,2,34,37,0.98,1,1,8,43,36,80,A,4484,5,SINGLE LAIV,PB1_H1,PB1,Synonymous,E177E,No,NA,NA,NA,Not known function (Synonymous)
805,1871,T,Y,256,4,0.015,2,2,39,42,0.98,1,1,149,107,3,1,C,4484,5,SINGLE LAIV,PB1_H1,PB1,Non_Synonymous,L624P,No,NA,NA,NA,Not known function (Non_Synonymous)
805,1944,C,Y,247,5,0.02,2,2,37,41,0.98,1,1,107,140,3,2,T,4484,5,SINGLE LAIV,PB1_H1,PB1,Synonymous,A648A,No,NA,NA,NA,Not known function (Synonymous)
859,531,G,R,289,42,0.127,2,2,37,37,0.98,1,1,80,209,16,26,A,4490,6,NO VAC,PB1_H1,PB1,Synonymous,E177E,No,NA,NA,NA,Not known function (Synonymous)
867,263,T,W,744,8,0.011,2,2,37,37,0.98,1,1,529,215,7,1,A,4477,6,PRIME BOOST,PB1_H1,PB1-F2,Non_Synonymous,S57T,No,NA,NA,NA,Not known function (Non_Synonymous)
867,263,T,W,744,8,0.011,2,2,37,37,0.98,1,1,529,215,7,1,A,4477,6,PRIME BOOST,PB1_H1,PB1,Non_Synonymous,V88D,No,NA,NA,NA,Not known function (Non_Synonymous)
867,531,G,A,1,732,0.999,1,2,32,35,0.98,1,1,0,1,421,311,A,4477,6,PRIME BOOST,PB1_H1,PB1,Synonymous,E177E,No,NA,NA,NA,Not known function (Synonymous)
867,632,G,R,743,25,0.033,2,2,36,35,0.98,1,1,441,302,16,9,A,4477,6,PRIME BOOST,PB1_H1,PB1,Non_Synonymous,R211K,Yes,Influenza A_PB1_nuclear-localization-motif_203,NA,Uniprot:P16511,"Viral genome transportation, transcription and replication"
867,946,C,M,1119,12,0.011,2,2,37,34,0.98,1,1,607,512,6,6,A,4477,6,PRIME BOOST,PB1_H1,PB1,Synonymous,R316R,No,NA,NA,NA,Not known function (Synonymous)
867,1236,C,Y,1240,13,0.01,2,2,37,34,0.98,1,1,756,484,3,10,T,4477,6,PRIME BOOST,PB1_H1,PB1,Synonymous,F412F,No,NA,NA,NA,Not known function (Synonymous)
867,2067,C,Y,1093,17,0.015,2,2,39,36,0.98,1,1,372,721,4,13,T,4477,6,PRIME BOOST,PB1_H1,PB1,Synonymous,Y689Y,No,NA,NA,NA,Not known function (Synonymous)
867,2200,C,Y,752,36,0.046,2,2,38,43,0.98,1,1,71,681,9,27,T,4477,6,PRIME BOOST,PB1_H1,PB1,Non_Synonymous,R734W,Yes,Influenza A_PB1_PB2-binding-region_685,The C-terminal three helix bundle of PB1 binds to 1-37 and 1-86 fragments on the N-terminus of PB2. This interface is crucial for the regulation of overall enzyme activity,19461581/17967456/8811014,Viral genome/protein interaction
878,1251,G,R,877,670,0.433,2,2,36,35,0.98,1,1,506,371,402,268,A,4473,6,SINGLE LAIV,PB1_H1,PB1,Synonymous,T417T,No,NA,NA,NA,Not known function (Synonymous)
880,531,G,A,3,628,0.995,2,2,33,36,0.98,1,1,2,1,312,316,A,4483,6,PRIME BOOST,PB1_H1,PB1,Synonymous,E177E,No,NA,NA,NA,Not known function (Synonymous)
880,782,G,A,1,882,0.999,1,2,36,38,0.98,1,1,0,1,517,365,A,4483,6,PRIME BOOST,PB1_H1,PB1,Non_Synonymous,S261N,No,NA,NA,NA,Not known function (Non_Synonymous)
880,1084,A,M,1381,14,0.01,2,2,38,37,0.98,1,1,858,523,7,7,C,4483,6,PRIME BOOST,PB1_H1,PB1,Non_Synonymous,M362L,No,NA,NA,NA,Not known function (Non_Synonymous)
892,148,T,Y,955,16,0.016,2,2,37,40,0.98,1,1,891,64,15,1,C,4481,6,SINGLE LAIV,PB1_H1,PB1-F2,Synonymous,I18I,No,NA,NA,NA,Not known function (Synonymous)
892,148,T,Y,955,16,0.016,2,2,37,40,0.98,1,1,891,64,15,1,C,4481,6,SINGLE LAIV,PB1_H1,PB1,Non_Synonymous,S50P,No,NA,NA,NA,Not known function (Non_Synonymous)
892,531,G,R,1138,198,0.148,2,2,37,34,0.98,1,1,603,535,120,78,A,4481,6,SINGLE LAIV,PB1_H1,PB1,Synonymous,E177E,No,NA,NA,NA,Not known function (Synonymous)
892,569,G,R,1234,40,0.031,2,2,38,35,0.98,1,1,679,555,23,17,A,4481,6,SINGLE LAIV,PB1_H1,PB1,Non_Synonymous,R190K,Yes,Influenza A_PB1_nuclear-localization-motif_187,NA,Uniprot:P16511,"Viral genome transportation, transcription and replication"
892,1145,A,R,1921,28,0.014,2,2,38,40,0.98,1,1,990,931,10,18,G,4481,6,SINGLE LAIV,PB1_H1,PB1,Non_Synonymous,N382S,No,NA,NA,NA,Not known function (Non_Synonymous)
474,449,G,R,2178,42,0.019,2,2,38,39,0.98,1,1,1459,719,31,11,A,5174,2,NO VAC,PB2_H1,PB2,Non_Synonymous,G150D,No,NA,NA,NA,Not known function (Non_Synonymous)
474,540,G,R,2622,36,0.014,2,2,38,37,0.98,1,1,1868,754,27,9,A,5174,2,NO VAC,PB2_H1,PB2,Synonymous,E180E,No,NA,NA,NA,Not known function (Synonymous)
474,626,G,R,2791,123,0.042,2,2,37,36,0.98,1,1,1691,1100,94,29,A,5174,2,NO VAC,PB2_H1,PB2,Non_Synonymous,R209K,No,NA,NA,NA,Not known function (Non_Synonymous)
526,608,T,Y,1084,11,0.01,2,2,38,34,0.98,1,1,714,370,9,2,C,4473,2,SINGLE LAIV,PB2_H1,PB2,Non_Synonymous,V203A,No,NA,NA,NA,Not known function (Non_Synonymous)
526,1023,A,R,1296,130,0.091,2,2,38,36,0.98,1,1,676,620,60,70,G,4473,2,SINGLE LAIV,PB2_H1,PB2,Synonymous,E341E,No,NA,NA,NA,Not known function (Synonymous)
526,1127,A,R,1533,133,0.08,2,2,38,36,0.98,1,1,856,677,69,64,G,4473,2,SINGLE LAIV,PB2_H1,PB2,Non_Synonymous,K376R,Yes,Influenza A_PB2_m7GTP-binding-sites_361,Residues E361 and K376 directly interact with the guanine base of the 5'-m7G cap of host mRNAs. The aromatic residues H357 and F404 support this interaction.,The Structural Basis for Cap Binding by Influenza Virus Polymerase Subunit PB2,"Viral genome transportation, transcription and replication"
526,1497,C,Y,1879,66,0.034,2,2,39,42,0.98,1,1,1255,624,44,22,T,4473,2,SINGLE LAIV,PB2_H1,PB2,Synonymous,D499D,No,NA,NA,NA,Not known function (Synonymous)
526,1540,T,Y,1977,40,0.02,2,2,39,36,0.98,1,1,1274,703,29,11,C,4473,2,SINGLE LAIV,PB2_H1,PB2,Non_Synonymous,S514P,No,NA,NA,NA,Not known function (Non_Synonymous)
526,1685,A,T,0,1945,1,0,2,0,38,0.98,0,1,0,0,1180,765,T,4473,2,SINGLE LAIV,PB2_H1,PB2,Non_Synonymous,N562I,No,NA,NA,NA,Not known function (Non_Synonymous)
526,1791,G,A,2,2082,0.999,2,2,32,38,0.98,1,1,1,1,1027,1055,A,4473,2,SINGLE LAIV,PB2_H1,PB2,Synonymous,R597R,No,NA,NA,NA,Not known function (Synonymous)
650,195,C,Y,1577,115,0.068,2,2,43,38,0.98,1,1,1335,242,106,9,T,5174,4,NO VAC,PB2_H1,PB2,Synonymous,D65D,No,NA,NA,NA,Not known function (Synonymous)
650,351,T,K,1576,16,0.01,2,2,37,37,0.98,1,1,1004,572,11,5,G,5174,4,NO VAC,PB2_H1,PB2,Synonymous,T117T,No,NA,NA,NA,Not known function (Synonymous)
650,1413,G,K,2192,97,0.042,2,2,37,32,0.98,1,1,1079,1113,62,35,T,5174,4,NO VAC,PB2_H1,PB2,Synonymous,T471T,No,NA,NA,NA,Not known function (Synonymous)
650,2163,G,R,639,16,0.024,2,2,38,41,0.98,1,1,98,541,4,12,A,5174,4,NO VAC,PB2_H1,PB2,Synonymous,K721K,No,NA,NA,NA,Not known function (Synonymous)
670,1497,C,Y,4771,205,0.041,2,2,39,37,0.98,1,1,3047,1724,123,82,T,4495,4,NO VAC,PB2_H1,PB2,Synonymous,D499D,No,NA,NA,NA,Not known function (Synonymous)
683,1396,G,R,1617,90,0.053,2,2,37,33,0.98,1,1,767,850,53,37,A,4490,4,NO VAC,PB2_H1,PB2,Non_Synonymous,D466N,Yes,Influenza A_PB2_cap-binding-site_320/Influenza A_PB2_nuclear-localization-motif_448,This fragment is a domain co-crystalized with m7GTP./This region is required for nuclear localization of PB2 and deletion at this site exhibits a phenotype that remains bound to perinuclear membrane.,The Structural Basis for Cap Binding by Influenza Virus Polymerase Subunit PB2/Two Signals Mediate Nuclear Localization of Influenza Virus (A/WSN/33) Polymerase Basic Protein 2 ,"Viral genome transportation, transcription and replication"
691,436,G,R,1907,25,0.013,2,2,38,35,0.98,1,1,1278,629,17,8,A,4477,4,PRIME BOOST,PB2_H1,PB2,Non_Synonymous,D146N,No,NA,NA,NA,Not known function (Non_Synonymous)
691,936,G,R,2509,46,0.018,2,2,37,36,0.98,1,1,1542,967,33,13,A,4477,4,PRIME BOOST,PB2_H1,PB2,Synonymous,K312K,No,NA,NA,NA,Not known function (Synonymous)
691,989,T,Y,2632,38,0.014,2,2,38,39,0.98,1,1,1536,1096,25,13,C,4477,4,PRIME BOOST,PB2_H1,PB2,Non_Synonymous,F330S,Yes,Influenza A_PB2_cap-binding-site_320,This fragment is a domain co-crystalized with m7GTP.,The Structural Basis for Cap Binding by Influenza Virus Polymerase Subunit PB2,"Viral genome transportation, transcription and replication"
702,1497,C,Y,3751,780,0.172,2,2,39,38,0.98,1,1,2443,1308,490,290,T,4473,4,SINGLE LAIV,PB2_H1,PB2,Synonymous,D499D,No,NA,NA,NA,Not known function (Synonymous)
702,1685,A,T,1,4561,1,1,2,36,38,0.98,1,1,0,1,2712,1849,T,4473,4,SINGLE LAIV,PB2_H1,PB2,Non_Synonymous,N562I,No,NA,NA,NA,Not known function (Non_Synonymous)
702,1810,C,M,4476,56,0.012,2,2,37,35,0.98,1,1,2052,2424,22,34,A,4473,4,SINGLE LAIV,PB2_H1,PB2,Synonymous,R604R,No,NA,NA,NA,Not known function (Synonymous)
716,1685,A,T,1,4775,1,1,2,36,38,0.98,1,1,1,0,2872,1903,T,4481,4,SINGLE LAIV,PB2_H1,PB2,Non_Synonymous,N562I,No,NA,NA,NA,Not known function (Non_Synonymous)
758,600,C,M,3709,60,0.016,2,2,38,37,0.98,1,1,2429,1280,23,37,A,4495,5,NO VAC,PB2_H1,PB2,Synonymous,P200P,No,NA,NA,NA,Not known function (Synonymous)
758,1278,G,R,3660,592,0.139,2,2,38,37,0.98,1,1,1891,1769,313,279,A,4495,5,NO VAC,PB2_H1,PB2,Synonymous,Q426Q,No,NA,NA,NA,Not known function (Synonymous)
758,1685,A,T,0,4454,1,0,2,0,38,0.98,0,1,0,0,2672,1782,T,4495,5,NO VAC,PB2_H1,PB2,Non_Synonymous,N562I,No,NA,NA,NA,Not known function (Non_Synonymous)
771,1396,G,A,637,2949,0.822,2,2,35,36,0.98,1,1,250,387,1471,1478,A,4490,5,NO VAC,PB2_H1,PB2,Non_Synonymous,D466N,Yes,Influenza A_PB2_cap-binding-site_320/Influenza A_PB2_nuclear-localization-motif_448,This fragment is a domain co-crystalized with m7GTP./This region is required for nuclear localization of PB2 and deletion at this site exhibits a phenotype that remains bound to perinuclear membrane.,The Structural Basis for Cap Binding by Influenza Virus Polymerase Subunit PB2/Two Signals Mediate Nuclear Localization of Influenza Virus (A/WSN/33) Polymerase Basic Protein 2 ,"Viral genome transportation, transcription and replication"
779,987,C,Y,4257,100,0.023,2,2,38,36,0.98,1,1,2444,1813,67,33,T,4477,5,PRIME BOOST,PB2_H1,PB2,Synonymous,T329T,No,NA,NA,NA,Not known function (Synonymous)
779,1685,A,T,0,4682,1,0,2,0,38,0.98,0,1,0,0,2779,1903,T,4477,5,PRIME BOOST,PB2_H1,PB2,Non_Synonymous,N562I,No,NA,NA,NA,Not known function (Non_Synonymous)
790,1685,A,T,0,5062,1,0,2,0,38,0.98,0,1,0,0,2974,2088,T,4473,5,SINGLE LAIV,PB2_H1,PB2,Non_Synonymous,N562I,No,NA,NA,NA,Not known function (Non_Synonymous)
805,893,T,Y,160,4,0.024,2,2,36,33,0.98,1,1,76,84,2,2,C,4484,5,SINGLE LAIV,PB2_H1,PB2,Non_Synonymous,L298P,No,NA,NA,NA,Not known function (Non_Synonymous)
805,1485,A,M,162,7,0.041,2,2,38,36,0.98,1,1,119,43,6,1,C,4484,5,SINGLE LAIV,PB2_H1,PB2,Synonymous,V495V,No,NA,NA,NA,Not known function (Synonymous)
805,1763,C,M,202,40,0.165,2,2,39,38,0.98,1,1,128,74,12,28,A,4484,5,SINGLE LAIV,PB2_H1,PB2,Non_Synonymous,T588N,No,NA,NA,NA,Not known function (Non_Synonymous)
805,1915,A,R,174,4,0.023,2,2,38,45,0.98,1,1,66,108,1,3,G,4484,5,SINGLE LAIV,PB2_H1,PB2,Non_Synonymous,N639D,No,NA,NA,NA,Not known function (Non_Synonymous)
805,2075,G,R,96,4,0.04,2,2,40,31,0.98,1,1,29,67,1,3,A,4484,5,SINGLE LAIV,PB2_H1,PB2,Non_Synonymous,R692K,No,NA,NA,NA,Not known function (Non_Synonymous)
859,1396,G,R,281,763,0.731,2,2,35,35,0.98,1,1,90,191,376,387,A,4490,6,NO VAC,PB2_H1,PB2,Non_Synonymous,D466N,Yes,Influenza A_PB2_cap-binding-site_320/Influenza A_PB2_nuclear-localization-motif_448,This fragment is a domain co-crystalized with m7GTP./This region is required for nuclear localization of PB2 and deletion at this site exhibits a phenotype that remains bound to perinuclear membrane.,The Structural Basis for Cap Binding by Influenza Virus Polymerase Subunit PB2/Two Signals Mediate Nuclear Localization of Influenza Virus (A/WSN/33) Polymerase Basic Protein 2 ,"Viral genome transportation, transcription and replication"
867,987,C,Y,3746,51,0.013,2,2,37,37,0.98,1,1,2164,1582,30,21,T,4477,6,PRIME BOOST,PB2_H1,PB2,Synonymous,T329T,No,NA,NA,NA,Not known function (Synonymous)
867,1685,A,T,0,4123,1,0,2,0,38,0.98,0,1,0,0,2451,1672,T,4477,6,PRIME BOOST,PB2_H1,PB2,Non_Synonymous,N562I,No,NA,NA,NA,Not known function (Non_Synonymous)
878,1497,C,Y,2200,1650,0.429,2,2,39,38,0.98,1,1,1479,721,1091,559,T,4473,6,SINGLE LAIV,PB2_H1,PB2,Synonymous,D499D,No,NA,NA,NA,Not known function (Synonymous)
878,1791,G,A,9,4036,0.998,2,2,33,38,0.98,1,1,2,7,1929,2107,A,4473,6,SINGLE LAIV,PB2_H1,PB2,Synonymous,R597R,No,NA,NA,NA,Not known function (Synonymous)
880,423,A,T,0,2443,1,0,2,0,37,0.98,0,1,0,0,1692,751,T,4483,6,PRIME BOOST,PB2_H1,PB2,Synonymous,I141I,No,NA,NA,NA,Not known function (Synonymous)
880,1137,G,R,3886,46,0.012,2,2,37,33,0.98,1,1,2009,1877,29,17,A,4483,6,PRIME BOOST,PB2_H1,PB2,Synonymous,R379R,No,NA,NA,NA,Not known function (Synonymous)
880,1614,G,R,3927,301,0.071,2,2,38,34,0.98,1,1,2302,1625,212,89,A,4483,6,PRIME BOOST,PB2_H1,PB2,Synonymous,E538E,No,NA,NA,NA,Not known function (Synonymous)
880,1685,A,T,0,4122,1,0,2,0,38,0.98,0,1,0,0,2520,1602,T,4483,6,PRIME BOOST,PB2_H1,PB2,Non_Synonymous,N562I,No,NA,NA,NA,Not known function (Non_Synonymous)
892,117,A,R,2432,29,0.012,2,2,39,35,0.98,1,1,2415,17,28,1,G,4481,6,SINGLE LAIV,PB2_H1,PB2,Synonymous,Q39Q,No,NA,NA,NA,Not known function (Synonymous)
892,123,A,R,2476,27,0.011,2,2,38,36,0.98,1,1,2448,28,26,1,G,4481,6,SINGLE LAIV,PB2_H1,PB2,Synonymous,K41K,No,NA,NA,NA,Not known function (Synonymous)
892,129,C,Y,2384,27,0.011,2,2,39,35,0.98,1,1,2263,121,26,1,T,4481,6,SINGLE LAIV,PB2_H1,PB2,Synonymous,P43P,No,NA,NA,NA,Not known function (Synonymous)
892,161,G,R,2752,28,0.01,2,2,40,31,0.98,1,1,2507,245,26,2,A,4481,6,SINGLE LAIV,PB2_H1,PB2,Non_Synonymous,R54K,No,NA,NA,NA,Not known function (Non_Synonymous)
892,1685,A,T,0,4154,1,0,2,0,38,0.98,0,1,0,0,2567,1587,T,4481,6,SINGLE LAIV,PB2_H1,PB2,Non_Synonymous,N562I,No,NA,NA,NA,Not known function (Non_Synonymous)
892,2154,G,R,1811,21,0.012,2,2,37,35,0.98,1,1,227,1584,2,19,A,4481,6,SINGLE LAIV,PB2_H1,PB2,Synonymous,K718K,No,NA,NA,NA,Not known function (Synonymous)
562,622,G,R,909,34,0.036,2,2,41,35,0.98,1,1,486,423,25,9,A,5174,3,NO VAC,PB2_H1,PB2,Non_Synonymous,E208K,No,NA,NA,NA,Not known function (Non_Synonymous)
562,1015,A,R,1253,29,0.023,2,2,44,42,0.98,1,1,856,397,14,15,G,5174,3,NO VAC,PB2_H1,PB2,Non_Synonymous,K339E,Yes,Influenza A_PB2_cap-binding-site_320,This fragment is a domain co-crystalized with m7GTP.,The Structural Basis for Cap Binding by Influenza Virus Polymerase Subunit PB2,"Viral genome transportation, transcription and replication"
562,1639,G,R,1329,15,0.011,2,2,42,43,0.98,1,1,597,732,12,3,A,5174,3,NO VAC,PB2_H1,PB2,Non_Synonymous,V547I,No,NA,NA,NA,Not known function (Non_Synonymous)
562,1802,A,W,1216,13,0.011,2,2,45,44,0.98,1,1,610,606,4,9,T,5174,3,NO VAC,PB2_H1,PB2,Non_Synonymous,Q601L,No,NA,NA,NA,Not known function (Non_Synonymous)
562,1909,A,R,1054,19,0.018,2,2,41,48,0.98,1,1,348,706,8,11,G,5174,3,NO VAC,PB2_H1,PB2,Non_Synonymous,T637A,No,NA,NA,NA,Not known function (Non_Synonymous)
562,1939,A,R,936,68,0.068,2,2,43,42,0.98,1,1,380,556,25,43,G,5174,3,NO VAC,PB2_H1,PB2,Non_Synonymous,I647V,No,NA,NA,NA,Not known function (Non_Synonymous)
562,2007,A,R,840,12,0.014,2,2,44,42,0.98,1,1,273,567,2,10,G,5174,3,NO VAC,PB2_H1,PB2,Synonymous,G669G,No,NA,NA,NA,Not known function (Synonymous)
562,2012,A,R,872,14,0.016,2,2,43,48,0.98,1,1,269,603,5,9,G,5174,3,NO VAC,PB2_H1,PB2,Non_Synonymous,D671G,No,NA,NA,NA,Not known function (Non_Synonymous)
562,2197,T,Y,393,5,0.013,2,2,44,52,0.98,1,1,55,338,2,3,C,5174,3,NO VAC,PB2_H1,PB2,Synonymous,L733L,No,NA,NA,NA,Not known function (Synonymous)
582,438,C,M,3210,46,0.014,2,2,42,41,0.98,1,1,2276,934,37,9,A,4495,3,NO VAC,PB2_H1,PB2,Non_Synonymous,D146E,No,NA,NA,NA,Not known function (Non_Synonymous)
582,469,A,R,3325,37,0.011,2,2,43,39,0.98,1,1,2283,1042,26,11,G,4495,3,NO VAC,PB2_H1,PB2,Non_Synonymous,K157E,No,NA,NA,NA,Not known function (Non_Synonymous)
582,609,G,K,3566,56,0.016,2,2,42,35,0.98,1,1,1931,1635,38,18,T,4495,3,NO VAC,PB2_H1,PB2,Synonymous,V203V,No,NA,NA,NA,Not known function (Synonymous)
582,930,A,R,4293,53,0.012,2,2,42,41,0.98,1,1,2680,1613,24,29,G,4495,3,NO VAC,PB2_H1,PB2,Non_Synonymous,I310M,No,NA,NA,NA,Not known function (Non_Synonymous)
582,1660,A,R,4387,80,0.018,2,2,43,41,0.98,1,1,2606,1781,41,39,G,4495,3,NO VAC,PB2_H1,PB2,Non_Synonymous,I554V,No,NA,NA,NA,Not known function (Non_Synonymous)
582,1683,A,R,3995,98,0.024,2,2,42,41,0.98,1,1,2282,1713,47,51,G,4495,3,NO VAC,PB2_H1,PB2,Synonymous,K561K,No,NA,NA,NA,Not known function (Synonymous)
582,1685,A,T,1,4000,1,1,2,23,42,0.98,1,1,0,1,2243,1757,T,4495,3,NO VAC,PB2_H1,PB2,Non_Synonymous,N562I,No,NA,NA,NA,Not known function (Non_Synonymous)
582,1959,T,Y,3253,55,0.017,2,2,43,40,0.98,1,1,1447,1806,23,32,C,4495,3,NO VAC,PB2_H1,PB2,Synonymous,S653S,No,NA,NA,NA,Not known function (Synonymous)
614,1335,T,Y,259,7,0.026,2,2,43,37,0.98,1,1,124,135,5,2,C,4473,3,SINGLE LAIV,PB2_H1,PB2,Synonymous,L445L,No,NA,NA,NA,Not known function (Synonymous)
614,1428,A,R,280,4,0.014,2,2,42,38,0.98,1,1,146,134,2,2,G,4473,3,SINGLE LAIV,PB2_H1,PB2,Synonymous,R476R,No,NA,NA,NA,Not known function (Synonymous)
614,1497,C,Y,277,47,0.145,2,2,44,43,0.98,1,1,160,117,28,19,T,4473,3,SINGLE LAIV,PB2_H1,PB2,Synonymous,D499D,No,NA,NA,NA,Not known function (Synonymous)
614,1685,A,T,0,243,1,0,2,0,42,0.98,0,1,0,0,134,109,T,4473,3,SINGLE LAIV,PB2_H1,PB2,Non_Synonymous,N562I,No,NA,NA,NA,Not known function (Non_Synonymous)
614,1791,G,A,0,238,1,0,2,0,41,0.98,0,1,0,0,109,129,A,4473,3,SINGLE LAIV,PB2_H1,PB2,Synonymous,R597R,No,NA,NA,NA,Not known function (Synonymous)
614,1960,C,M,212,4,0.019,2,2,42,39,0.98,1,1,100,112,2,2,A,4473,3,SINGLE LAIV,PB2_H1,PB2,Non_Synonymous,P654T,No,NA,NA,NA,Not known function (Non_Synonymous)
562,452,G,R,124,8,0.061,2,2,41,43,0.98,1,1,69,55,6,2,A,5174,3,NO VAC,PB1_H1,PB1,Non_Synonymous,R151K,No,NA,NA,NA,Not known function (Non_Synonymous)
562,531,G,R,120,25,0.172,2,2,44,43,0.98,1,1,57,63,14,11,A,5174,3,NO VAC,PB1_H1,PB1,Synonymous,E177E,No,NA,NA,NA,Not known function (Synonymous)
562,1459,A,R,235,4,0.017,2,2,41,39,0.98,1,1,150,85,2,2,G,5174,3,NO VAC,PB1_H1,PB1,Non_Synonymous,T487A,No,NA,NA,NA,Not known function (Non_Synonymous)
562,1679,G,R,301,12,0.038,2,2,43,39,0.98,1,1,140,161,7,5,A,5174,3,NO VAC,PB1_H1,PB1,Non_Synonymous,R560K,No,NA,NA,NA,Not known function (Non_Synonymous)
562,1736,T,K,307,4,0.013,2,2,40,32,0.98,1,1,185,122,1,3,G,5174,3,NO VAC,PB1_H1,PB1,Non_Synonymous,L579R,No,NA,NA,NA,Not known function (Non_Synonymous)
562,1979,T,K,192,4,0.02,2,2,42,35,0.98,1,1,81,111,2,2,G,5174,3,NO VAC,PB1_H1,PB1,Non_Synonymous,V660G,No,NA,NA,NA,Not known function (Non_Synonymous)
582,615,A,R,705,8,0.011,2,2,43,34,0.98,1,1,391,314,3,5,G,4495,3,NO VAC,PB1_H1,PB1,Non_Synonymous,I205M,Yes,Influenza A_PB1_nuclear-localization-motif_203,NA,Uniprot:P16511,"Viral genome transportation, transcription and replication"
582,1983,A,R,921,44,0.046,2,2,43,41,0.98,1,1,381,540,16,28,G,4495,3,NO VAC,PB1_H1,PB1,Synonymous,A661A,No,NA,NA,NA,Not known function (Synonymous)
582,2044,A,R,788,29,0.036,2,2,44,38,0.98,1,1,329,459,5,24,G,4495,3,NO VAC,PB1_H1,PB1,Non_Synonymous,I682V,No,NA,NA,NA,Not known function (Non_Synonymous)
582,2124,G,A,0,745,1,0,2,0,45,0.98,0,1,0,0,177,568,A,4495,3,NO VAC,PB1_H1,PB1,Synonymous,P708P,No,NA,NA,NA,Not known function (Synonymous)
562,402,A,R,756,11,0.014,2,2,46,49,0.98,1,1,557,199,8,3,G,5174,3,NO VAC,PA_H1,PA,Synonymous,K134K,No,NA,NA,NA,Not known function (Synonymous)
562,402,A,R,756,11,0.014,2,2,46,49,0.98,1,1,557,199,8,3,G,5174,3,NO VAC,PA_H1,PA-X,Synonymous,K134K,No,NA,NA,NA,Not known function (Synonymous)
562,1063,C,Y,1019,25,0.024,2,2,45,44,0.98,1,1,530,489,11,14,T,5174,3,NO VAC,PA_H1,PA,Non_Synonymous,P355S,Yes,Influenza A_PA_PB1-binding-region_257,The C-terminus of PA interacts with the N-terminal region of PB1 (residues 1-25). This subunit interface complex is essential for initiation of transcription.,18615018,Viral genome/protein interaction
562,1073,A,R,1004,24,0.023,2,2,44,43,0.98,1,1,500,504,7,17,G,5174,3,NO VAC,PA_H1,PA,Non_Synonymous,K358R,Yes,Influenza A_PA_PB1-binding-region_257,The C-terminus of PA interacts with the N-terminal region of PB1 (residues 1-25). This subunit interface complex is essential for initiation of transcription.,18615018,Viral genome/protein interaction
562,1154,A,R,1037,13,0.012,2,2,44,43,0.98,1,1,494,543,4,9,G,5174,3,NO VAC,PA_H1,PA,Non_Synonymous,K385R,Yes,Influenza A_PA_PB1-binding-region_257,The C-terminus of PA interacts with the N-terminal region of PB1 (residues 1-25). This subunit interface complex is essential for initiation of transcription.,18615018,Viral genome/protein interaction
562,1188,T,Y,1020,29,0.028,2,2,42,36,0.98,1,1,540,480,17,12,C,5174,3,NO VAC,PA_H1,PA,Synonymous,D396D,No,NA,NA,NA,Not known function (Synonymous)
562,2023,A,M,495,10,0.02,2,2,45,53,0.98,1,1,125,370,4,6,C,5174,3,NO VAC,PA_H1,PA,Non_Synonymous,N675H,Yes,Influenza A_PA_PB1-binding-region_257,The C-terminus of PA interacts with the N-terminal region of PB1 (residues 1-25). This subunit interface complex is essential for initiation of transcription.,18615018,Viral genome/protein interaction
562,2109,T,Y,252,48,0.16,2,2,42,40,0.98,1,1,23,229,3,45,C,5174,3,NO VAC,PA_H1,PA,Synonymous,N703N,No,NA,NA,NA,Not known function (Synonymous)
582,138,C,Y,741,14,0.019,2,2,48,40,0.98,1,1,658,83,13,1,T,4495,3,NO VAC,PA_H1,PA,Synonymous,F46F,No,NA,NA,NA,Not known function (Synonymous)
582,695,A,W,2102,40,0.019,2,2,41,38,0.98,1,1,1325,777,21,19,T,4495,3,NO VAC,PA_H1,PA,Non_Synonymous,Y232F,No,NA,NA,NA,Not known function (Non_Synonymous)
582,138,C,Y,741,14,0.019,2,2,48,40,0.98,1,1,658,83,13,1,T,4495,3,NO VAC,PA_H1,PA-X,Synonymous,F46F,No,NA,NA,NA,Not known function (Synonymous)
582,695,A,W,2102,40,0.019,2,2,41,38,0.98,1,1,1325,777,21,19,T,4495,3,NO VAC,PA_H1,PA-X,Non_Synonymous,M232L,No,NA,NA,NA,Not known function (Non_Synonymous)
582,1307,A,R,3597,44,0.012,2,2,44,38,0.98,1,1,1873,1724,14,30,G,4495,3,NO VAC,PA_H1,PA,Non_Synonymous,E436G,Yes,Influenza A_PA_PB1-binding-region_257,The C-terminus of PA interacts with the N-terminal region of PB1 (residues 1-25). This subunit interface complex is essential for initiation of transcription.,18615018,Viral genome/protein interaction
582,1394,T,Y,3614,43,0.012,2,2,41,38,0.98,1,1,2006,1608,24,19,C,4495,3,NO VAC,PA_H1,PA,Non_Synonymous,I465T,Yes,Influenza A_PA_PB1-binding-region_257,The C-terminus of PA interacts with the N-terminal region of PB1 (residues 1-25). This subunit interface complex is essential for initiation of transcription.,18615018,Viral genome/protein interaction
582,1511,T,Y,3409,46,0.013,2,2,45,46,0.98,1,1,2018,1391,25,21,C,4495,3,NO VAC,PA_H1,PA,Non_Synonymous,I504T,Yes,Influenza A_PA_PB1-binding-region_257,The C-terminus of PA interacts with the N-terminal region of PB1 (residues 1-25). This subunit interface complex is essential for initiation of transcription.,18615018,Viral genome/protein interaction
582,1515,A,M,3357,53,0.016,2,2,45,43,0.98,1,1,1954,1403,27,26,C,4495,3,NO VAC,PA_H1,PA,Synonymous,I505I,No,NA,NA,NA,Not known function (Synonymous)
582,1816,G,R,1965,22,0.011,2,2,44,42,0.98,1,1,787,1178,11,11,A,4495,3,NO VAC,PA_H1,PA,Non_Synonymous,D606N,Yes,Influenza A_PA_PB1-binding-region_257,The C-terminus of PA interacts with the N-terminal region of PB1 (residues 1-25). This subunit interface complex is essential for initiation of transcription.,18615018,Viral genome/protein interaction
582,1916,C,M,1481,19,0.013,2,2,42,38,0.98,1,1,435,1046,2,17,A,4495,3,NO VAC,PA_H1,PA,Non_Synonymous,T639N,Yes,Influenza A_PA_PB1-binding-region_257,The C-terminus of PA interacts with the N-terminal region of PB1 (residues 1-25). This subunit interface complex is essential for initiation of transcription.,18615018,Viral genome/protein interaction
614,895,G,R,190,7,0.036,2,2,42,36,0.98,1,1,97,93,6,1,A,4473,3,SINGLE LAIV,PA_H1,PA,Non_Synonymous,G299R,Yes,Influenza A_PA_PB1-binding-region_257,The C-terminus of PA interacts with the N-terminal region of PB1 (residues 1-25). This subunit interface complex is essential for initiation of transcription.,18615018,Viral genome/protein interaction
614,1507,T,Y,235,4,0.017,2,2,48,38,0.98,1,1,149,86,2,2,C,4473,3,SINGLE LAIV,PA_H1,PA,Non_Synonymous,F503L,Yes,Influenza A_PA_PB1-binding-region_257,The C-terminus of PA interacts with the N-terminal region of PB1 (residues 1-25). This subunit interface complex is essential for initiation of transcription.,18615018,Viral genome/protein interaction
562,315,G,R,511,6,0.012,2,2,42,42,0.98,1,1,345,166,5,1,A,5174,3,NO VAC,HA_H1,HA,Synonymous,G105G,No,NA,NA,NA,Not known function (Synonymous)
562,440,G,K,403,5,0.012,2,2,41,36,0.98,1,1,215,188,3,2,T,5174,3,NO VAC,HA_H1,HA,Non_Synonymous,R147I,Yes,Influenza A_H1_lysine-fence_147,Region at the base of HA binding site that helps anchor the N-acetylneuraminic acid (Neu5Ac) and galactose sugars of both alpha 2-3 and alpha 2-6 glycans on the host cell. Neu5Ac acts as a receptor for influenza viruses; allowing attachment to mucous cells via hemagglutinin.,19513050,Receptor binding property
562,457,T,Y,423,5,0.012,2,2,42,37,0.98,1,1,225,198,3,2,C,5174,3,NO VAC,HA_H1,HA,Non_Synonymous,C153R,Yes,Influenza A_H1_sialic-acid-binding-site_114,This region is commonly refered to as the 'receptor binding site' (RBS) and is the region of HA that determines its receptor (sialic acid) binding specificity. It is a shallow surface pocket made of conserved amino acid residues.,10.3923/jbs.2007.113.122 ,Receptor binding property
562,622,C,M,544,9,0.016,2,2,42,38,0.98,1,1,312,232,1,8,A,5174,3,NO VAC,HA_H1,HA,Non_Synonymous,L208I,No,NA,NA,NA,Not known function (Non_Synonymous)
562,725,C,S,598,9,0.015,2,2,42,34,0.98,1,1,331,267,1,8,G,5174,3,NO VAC,HA_H1,HA,Non_Synonymous,A242G,No,NA,NA,NA,Not known function (Non_Synonymous)
562,1084,A,R,578,6,0.01,2,2,42,42,0.98,1,1,257,321,1,5,G,5174,3,NO VAC,HA_H1,HA,Non_Synonymous,I362V,No,NA,NA,NA,Not known function (Non_Synonymous)
562,1097,A,R,584,6,0.01,2,2,42,38,0.98,1,1,274,310,3,3,G,5174,3,NO VAC,HA_H1,HA,Non_Synonymous,Y366C,No,NA,NA,NA,Not known function (Non_Synonymous)
562,1118,A,M,542,7,0.013,2,2,43,43,0.98,1,1,264,278,4,3,C,5174,3,NO VAC,HA_H1,HA,Non_Synonymous,E373A,No,NA,NA,NA,Not known function (Non_Synonymous)
562,1150,A,R,446,15,0.033,2,2,43,44,0.98,1,1,272,174,8,7,G,5174,3,NO VAC,HA_H1,HA,Non_Synonymous,S384G,No,NA,NA,NA,Not known function (Non_Synonymous)
562,1292,G,R,332,5,0.015,2,2,41,35,0.98,1,1,179,153,3,2,A,5174,3,NO VAC,HA_H1,HA,Non_Synonymous,G431D,No,NA,NA,NA,Not known function (Non_Synonymous)
562,1336,T,Y,308,8,0.025,2,2,42,38,0.98,1,1,166,142,3,5,C,5174,3,NO VAC,HA_H1,HA,Synonymous,L446L,No,NA,NA,NA,Not known function (Synonymous)
582,87,A,M,1436,52,0.035,2,2,43,38,0.98,1,1,1412,24,51,1,C,4495,3,NO VAC,HA_H1,HA,Synonymous,S29S,No,NA,NA,NA,Not known function (Synonymous)
582,90,T,Y,1491,21,0.014,2,2,43,42,0.98,1,1,1467,24,20,1,C,4495,3,NO VAC,HA_H1,HA,Synonymous,T30T,No,NA,NA,NA,Not known function (Synonymous)
582,414,T,Y,2826,38,0.013,2,2,43,39,0.98,1,1,1739,1087,18,20,C,4495,3,NO VAC,HA_H1,HA,Synonymous,S138S,No,NA,NA,NA,Not known function (Synonymous)
582,1052,C,M,3489,52,0.015,2,2,43,39,0.98,1,1,1743,1746,19,33,A,4495,3,NO VAC,HA_H1,HA,Non_Synonymous,A351D,No,NA,NA,NA,Not known function (Non_Synonymous)
582,1121,A,M,3235,105,0.031,2,2,43,41,0.98,1,1,1690,1545,72,33,C,4495,3,NO VAC,HA_H1,HA,Non_Synonymous,Q374P,No,NA,NA,NA,Not known function (Non_Synonymous)
582,1149,G,A,2,3122,0.999,1,2,58,42,0.98,1,1,2,0,1794,1328,A,4495,3,NO VAC,HA_H1,HA,Synonymous,K383K,No,NA,NA,NA,Not known function (Synonymous)
582,1214,C,Y,3191,38,0.012,2,2,43,37,0.98,1,1,1848,1343,10,28,T,4495,3,NO VAC,HA_H1,HA,Non_Synonymous,T405I,No,NA,NA,NA,Not known function (Non_Synonymous)
582,1354,T,Y,2402,39,0.016,2,2,42,38,0.98,1,1,1364,1038,23,16,C,4495,3,NO VAC,HA_H1,HA,Synonymous,L452L,No,NA,NA,NA,Not known function (Synonymous)
582,1471,A,R,2437,71,0.028,2,2,42,40,0.98,1,1,767,1670,19,52,G,4495,3,NO VAC,HA_H1,HA,Non_Synonymous,T491A,No,NA,NA,NA,Not known function (Non_Synonymous)
582,1579,A,R,2208,37,0.017,2,2,45,49,0.98,1,1,419,1789,10,27,G,4495,3,NO VAC,HA_H1,HA,Non_Synonymous,I527V,No,NA,NA,NA,Not known function (Non_Synonymous)
582,1582,T,Y,2178,41,0.019,2,2,45,38,0.98,1,1,424,1754,2,39,C,4495,3,NO VAC,HA_H1,HA,Non_Synonymous,Y528H,No,NA,NA,NA,Not known function (Non_Synonymous)
614,622,C,A,0,203,1,0,2,0,41,0.98,0,1,0,0,93,110,A,4473,3,SINGLE LAIV,HA_H1,HA,Non_Synonymous,L208I,No,NA,NA,NA,Not known function (Non_Synonymous)
614,725,C,G,0,230,1,0,2,0,42,0.98,0,1,0,0,117,113,G,4473,3,SINGLE LAIV,HA_H1,HA,Non_Synonymous,A242G,No,NA,NA,NA,Not known function (Non_Synonymous)
614,747,A,T,0,211,1,0,2,0,41,0.98,0,1,0,0,116,95,T,4473,3,SINGLE LAIV,HA_H1,HA,Synonymous,T249T,No,NA,NA,NA,Not known function (Synonymous)
562,720,T,W,2229,27,0.012,2,2,44,45,0.98,1,1,1387,842,14,13,A,5174,3,NO VAC,NP_H1,NP,Non_Synonymous,D240E,Yes,Influenza A_NP-NP-association-region_189,NA,10405371,Viral genome/protein interaction
562,724,G,R,2011,290,0.126,2,2,42,42,0.98,1,1,1196,815,182,108,A,5174,3,NO VAC,NP_H1,NP,Non_Synonymous,V242I,Yes,Influenza A_NP-NP-association-region_189,NA,10405371,Viral genome/protein interaction
562,1321,C,Y,1191,25,0.021,2,2,49,48,0.98,1,1,491,700,8,17,T,5174,3,NO VAC,NP_H1,NP,stop_gained,R441*,Yes,NA,NA,NA,Not known function (Stop_Codon)
582,234,C,M,2125,59,0.027,2,2,43,39,0.98,1,1,1726,399,44,15,A,4495,3,NO VAC,NP_H1,NP,stop_gained,Y78*,Yes,NA,NA,NA,Not known function (Stop_Codon)
582,361,C,Y,2716,30,0.011,2,2,44,39,0.98,1,1,1876,840,16,14,T,4495,3,NO VAC,NP_H1,NP,Non_Synonymous,R121C,Yes,Influenza A_NP_RNA-binding-domain_1/Influenza A_NP_PB2-interaction-domain_1,NA,7745727/10438825/9621005,Viral genome/protein interaction
582,389,C,M,2844,29,0.01,2,2,44,32,0.98,1,1,1790,1054,26,3,A,4495,3,NO VAC,NP_H1,NP,Non_Synonymous,T130K,Yes,Influenza A_NP_RNA-binding-domain_1/Influenza A_NP_PB2-interaction-domain_1,NA,7745727/10438825/9621005,Viral genome/protein interaction
582,534,C,M,2136,31,0.014,2,2,43,37,0.98,1,1,1066,1070,11,20,A,4495,3,NO VAC,NP_H1,NP,Synonymous,A178A,No,NA,NA,NA,Not known function (Synonymous)
582,651,T,Y,2546,35,0.014,2,2,41,39,0.98,1,1,1205,1341,22,13,C,4495,3,NO VAC,NP_H1,NP,Synonymous,V217V,No,NA,NA,NA,Not known function (Synonymous)
582,757,A,R,3110,36,0.011,2,2,44,43,0.98,1,1,1790,1320,20,16,G,4495,3,NO VAC,NP_H1,NP,Non_Synonymous,I253V,Yes,Influenza A_NP_Determinants-of-morphology_214/Influenza A_NP-NP-association-region_189,Residues 214; 217; and 253 of Aichi NP play a critical role in influenza virus morphology; possibly through interaction with the M1 layer during virus budding,24335312/10405371,"Virus assembly, budding and release"
582,856,G,R,3304,109,0.032,2,2,43,38,0.98,1,1,1980,1324,76,33,A,4495,3,NO VAC,NP_H1,NP,Non_Synonymous,A286T,Yes,Influenza A_NP_PB2-interaction-domain_255/Influenza A_NP-NP-association-region_189,NA,9621005/10405371,Viral genome/protein interaction
582,921,C,Y,3266,67,0.02,2,2,42,43,0.98,1,1,2163,1103,43,24,T,4495,3,NO VAC,NP_H1,NP,Synonymous,L307L,No,NA,NA,NA,Not known function (Synonymous)
582,1141,C,M,2947,43,0.014,2,2,43,36,0.98,1,1,1287,1660,9,34,A,4495,3,NO VAC,NP_H1,NP,Non_Synonymous,L381I,Yes,Influenza A_NP-NP-association-region_371/Influenza A_NP_PB2-interaction-domain_255/Influenza A_NP_PB2-binding-site_340,NA,9621005/10405371,Viral genome/protein interaction
582,1283,C,M,2225,49,0.022,2,2,44,38,0.98,1,1,1028,1197,10,39,A,4495,3,NO VAC,NP_H1,NP,Non_Synonymous,A428E,Yes,Influenza A_NP-dimerization-domain_402/Influenza A_NP-NP-association-region_371/Influenza A_NP_PB2-interaction-domain_255/Influenza A_NP_PB2-binding-site_340,This region of the tail loop is required for NP dimerization.,17151603/9621005/10405371,Viral genome/protein interaction
582,1348,A,R,2158,29,0.013,2,2,46,42,0.98,1,1,480,1678,5,24,G,4495,3,NO VAC,NP_H1,NP,Non_Synonymous,S450G,Yes,Influenza A_NP-NP-association-region_371/Influenza A_NP_PB2-interaction-domain_255/Influenza A_NP_PB2-binding-site_340,NA,9621005/10405371,Viral genome/protein interaction
614,209,C,Y,240,4,0.016,2,2,42,37,0.98,1,1,169,71,2,2,T,4473,3,SINGLE LAIV,NP_H1,NP,Non_Synonymous,A70V,Yes,Influenza A_NP_RNA-binding-domain_1/Influenza A_NP_PB2-interaction-domain_1,NA,7745727/10438825/9621005,Viral genome/protein interaction
614,845,G,K,322,8,0.024,2,2,45,47,0.98,1,1,206,116,4,4,T,4473,3,SINGLE LAIV,NP_H1,NP,Non_Synonymous,G282V,Yes,Influenza A_NP_PB2-interaction-domain_255/Influenza A_NP-NP-association-region_189,NA,9621005/10405371,Viral genome/protein interaction
562,355,G,R,1017,13,0.013,2,2,44,39,0.98,1,1,737,280,11,2,A,5174,3,NO VAC,NA_H1,NA,Non_Synonymous,E119K,Yes,Influenza A_N1_antiviral-response_119,Introduction of Glu119Gly substitution in the A/Quebec/144147/09 backbone conferred resistance to oseltamivir; zanamivir and peramivir using NA inhibition assay./Introduction of Glu99Ala naturally occurring substitution in the A/Turkey/65 1242/06 backbone conferred resistance to oseltamivir; zanamivir and peramivir.,19651908/21148493/:22379077/17302366/20523902,Antiviral drug resistance
562,518,G,R,895,19,0.021,2,2,41,40,0.98,1,1,484,411,14,5,A,5174,3,NO VAC,NA_H1,NA,Non_Synonymous,R173K,No,NA,NA,NA,Not known function (Non_Synonymous)
562,760,A,R,825,24,0.028,2,2,42,35,0.98,1,1,495,330,11,13,G,5174,3,NO VAC,NA_H1,NA,Non_Synonymous,K254E,Yes,Influenza A_N1_catalytic-region-of-active-site_148,The active site of Influenza NA is made of the catalytic site residues which interact with the sialic acid substrate and the framework site residues that are indirectly involved in suporting the catalytic site. (PMID: 16912325). Framework residues stabilize the active-site structure,16912325/8497041,"Virus assembly, budding and release"
562,808,G,R,868,12,0.014,2,2,43,40,0.98,1,1,401,467,7,5,A,5174,3,NO VAC,NA_H1,NA,Non_Synonymous,D270N,No,NA,NA,NA,Not known function (Non_Synonymous)
562,951,A,R,966,11,0.011,2,2,43,37,0.98,1,1,474,492,3,8,G,5174,3,NO VAC,NA_H1,NA,Non_Synonymous,I317M,No,NA,NA,NA,Not known function (Non_Synonymous)
582,292,G,R,4434,47,0.011,2,2,42,41,0.98,1,1,3350,1084,36,11,A,4495,3,NO VAC,NA_H1,NA,Non_Synonymous,A98T,No,NA,NA,NA,Not known function (Non_Synonymous)
582,639,A,W,4505,72,0.016,2,2,42,40,0.98,1,1,2438,2067,26,46,T,4495,3,NO VAC,NA_H1,NA,Synonymous,T213T,No,NA,NA,NA,Not known function (Synonymous)
582,911,T,Y,4305,55,0.013,2,2,42,38,0.98,1,1,2022,2283,28,27,C,4495,3,NO VAC,NA_H1,NA,Non_Synonymous,V304A,Yes,Influenza A_N1_framework-region-of-active-site_149,The active site of Influenza NA is made of the catalytic site residues which interact with the sialic acid substrate and the framework site residues that are indirectly involved in suporting the catalytic site. (PMID: 16912325). Framework residues stabilize the active-site structure,16912325/8497041,"Virus assembly, budding and release"
614,353,G,R,337,6,0.018,2,2,45,35,0.98,1,1,230,107,5,1,A,4473,3,SINGLE LAIV,NA_H1,NA,Non_Synonymous,R118K,Yes,Influenza A_N1_antiviral-binding-site/Influenza A_N1_substrate-binding-and-hydrolysis-site_118,Oseltamivir Binding Site/Zanamivir Binding Site/Laninamivir Binding Site/Region at which NA binds to its substrate and catalyzes its hydrolysis,Uniprot:Q9IGQ6/22028647/18480754/16915235,Antiviral drug resistance
614,578,T,Y,324,9,0.027,2,2,42,39,0.98,1,1,148,176,6,3,C,4473,3,SINGLE LAIV,NA_H1,NA,Non_Synonymous,I193T,No,NA,NA,NA,Not known function (Non_Synonymous)
614,951,A,R,307,4,0.013,2,2,44,46,0.98,1,1,164,143,2,2,G,4473,3,SINGLE LAIV,NA_H1,NA,Non_Synonymous,I317M,No,NA,NA,NA,Not known function (Non_Synonymous)
562,89,G,R,1595,19,0.012,2,2,41,40,0.98,1,1,1587,8,18,1,A,5174,3,NO VAC,M_H1,M1,Non_Synonymous,S30N,Yes,Influenza A_M1_determinants-of-virulence_30/Influenza A_M1_Determinants-of-morphology_30/Influenza A_M1_Determinants-of-budding_30/Influenza A_M1_Determinants-of-virus-production_30/Influenza A_M1_determinant-of-virulence_30/Influenza A_M1_RNP-binding-region_1/Influenza A_M1_membrane-binding-region_1/Influenza A_M1_lipid-binding-site_1,These two M1 residues contribute to differences in virulence of H5N1 avian influenza viruses in mice. Positions 30 and 215 are found in the N-terminal and C-terminal domains of M1 respectively./Key to spherical morphology. Substitution of any one of these residues with the corresponding TR swine residues causes transition to a filamentous morphology./Making M1 protein sufficient for virus-like particle production; indicating a unique feature of the pH1N1 M1 protein to induce and complete budding at the plasma membrane by itself./Single replacement of either one of the residue in M1 protein reduces overall viral production as well as growth kinetics./Introduction of Asn30Asp and Thr215Ala substitutions in the A/duck/Guangxi/53/2002 backbone conferred increased virulence in mice indicated by survival rate./This N-terminal region binds to vRNP.,19117585/23209789/10438836/11222100/Uniprot:P03485,"Determinant of pathogenicity, virulence and disease progresson"
562,249,C,Y,2581,70,0.026,2,2,44,41,0.98,1,1,1864,717,52,18,T,5174,3,NO VAC,M_H1,M1,Synonymous,A83A,No,NA,NA,NA,Not known function (Synonymous)
562,554,C,Y,3654,53,0.014,2,2,42,40,0.98,1,1,1636,2018,19,34,T,5174,3,NO VAC,M_H1,M1,Non_Synonymous,T185M,Yes,Influenza A_M1_RNP-binding-region_165,This C-terminal region binds to vRNP.,11222100/Uniprot:P03485,Viral genome/protein interaction
562,813,T,K,2434,57,0.023,2,2,43,40,0.98,1,1,564,1870,11,46,G,5174,3,NO VAC,M_H1,M2,Non_Synonymous,I42S,No,NA,NA,NA,Not known function (Non_Synonymous)
562,814,T,K,2373,114,0.046,2,2,42,40,0.98,1,1,553,1820,18,96,G,5174,3,NO VAC,M_H1,M2,Non_Synonymous,I42M,No,NA,NA,NA,Not known function (Non_Synonymous)
582,555,G,R,7065,81,0.011,2,2,41,38,0.98,1,1,3767,3298,61,20,A,4495,3,NO VAC,M_H1,M1,Synonymous,T185T,No,NA,NA,NA,Not known function (Synonymous)
582,874,G,R,5254,92,0.017,2,2,42,42,0.98,1,1,607,4647,9,83,A,4495,3,NO VAC,M_H1,M2,Synonymous,G62G,No,NA,NA,NA,Not known function (Synonymous)
614,598,T,G,0,774,1,0,2,0,41,0.98,0,1,0,0,334,440,G,4473,3,SINGLE LAIV,M_H1,M1,Non_Synonymous,S200A,Yes,Influenza A_M1_RNP-binding-region_165,This C-terminal region binds to vRNP.,11222100/Uniprot:P03485,Viral genome/protein interaction
562,56,G,K,457,33,0.067,2,2,40,36,0.98,1,1,450,7,32,1,T,5174,3,NO VAC,NS_H1,NS1,Non_Synonymous,R19L,Yes,Influenza A_NS1_RBD-dimer-interface_12/Influenza A_NS1_RNA-binding-domain_1,RBD dimerization is essential for RNA-binding activity/The N-terminal domain of NS1 binds several RNA species; including dsRNA. This domain also mediates interactions with RIG-I; possibly via dsRNA intermediates; PABPI; and importin-alpha.,10024172/9360602/18796704/17475623/18813227,Host-virus interaction machinery
562,467,T,Y,1266,33,0.025,2,2,43,41,0.98,1,1,636,630,15,18,C,5174,3,NO VAC,NS_H1,NS1,Non_Synonymous,I156T,Yes,Influenza A_NS1_CPSF30-binding-site_103/Influenza A_NS1_NES-mask_148/Influenza A_NS1_effector-domain_87,Necessary for binding CPSF30 and inhibiting the posttranscriptional 3'-end processing of cellular pre-mRNAs./Sequence added to Influenza A_NS1_SF29 inhibits NES activity. R148; E152; and E153 are critical for the function of the mask; including in the context of full-length NS1./The NS1 effector domain mediates interactions with several host proteins and may stabilize the N-terminal RNA-binding domain.,17522219/12667806/20444891/18725644/17442719/9560194/18725644/18796704/16715094/18585749,Host-virus interaction machinery
562,487,T,Y,1283,19,0.015,2,2,43,37,0.98,1,1,567,716,4,15,C,5174,3,NO VAC,NS_H1,NS1,Synonymous,L163L,No,NA,NA,NA,Not known function (Synonymous)
562,694,G,R,992,23,0.023,2,2,44,47,0.98,1,1,201,791,7,16,A,5174,3,NO VAC,NS_H1,NS2,Synonymous,E74E,No,NA,NA,NA,Not known function (Synonymous)
562,710,A,R,975,14,0.014,2,2,44,39,0.98,1,1,182,793,1,13,G,5174,3,NO VAC,NS_H1,NS2,Non_Synonymous,I80V,No,NA,NA,NA,Not known function (Non_Synonymous)
582,32,T,Y,1474,36,0.024,2,2,38,35,0.98,1,1,1460,14,35,1,C,4495,3,NO VAC,NS_H1,NS1,Non_Synonymous,V11A,Yes,Influenza A_NS1_RNA-binding-domain_1,The N-terminal domain of NS1 binds several RNA species; including dsRNA. This domain also mediates interactions with RIG-I; possibly via dsRNA intermediates; PABPI; and importin-alpha.,18796704/17475623/18813227,Host-virus interaction machinery
582,128,T,Y,4691,97,0.02,2,2,45,39,0.98,1,1,4531,160,94,3,C,4495,3,NO VAC,NS_H1,NS1,Non_Synonymous,L43P,Yes,Influenza A_NS1_RNA-binding-domain_1,The N-terminal domain of NS1 binds several RNA species; including dsRNA. This domain also mediates interactions with RIG-I; possibly via dsRNA intermediates; PABPI; and importin-alpha.,18796704/17475623/18813227,Host-virus interaction machinery
582,447,T,Y,6335,72,0.011,2,2,43,39,0.98,1,1,3725,2610,50,22,C,4495,3,NO VAC,NS_H1,NS1,Synonymous,A149A,No,NA,NA,NA,Not known function (Synonymous)
582,657,A,R,5104,62,0.012,2,2,44,39,0.98,1,1,1343,3761,8,54,G,4495,3,NO VAC,NS_H1,NS1,Synonymous,E219E,No,NA,NA,NA,Not known function (Synonymous)
582,657,A,R,5104,62,0.012,2,2,44,39,0.98,1,1,1343,3761,8,54,G,4495,3,NO VAC,NS_H1,NS2,Non_Synonymous,N62S,No,NA,NA,NA,Not known function (Non_Synonymous)
614,234,G,K,595,9,0.015,2,2,43,36,0.98,1,1,355,240,6,3,T,4473,3,SINGLE LAIV,NS_H1,NS1,Non_Synonymous,K78N,Yes,Influenza A_NS1_inter-domain-linker_74,Flexible linker between the RNA binding and effector domains. Can be variable in length; with a 5aa deletion commonly reported in recent H5N1 isolates.,18987632/Uniprot:P03496,Host-virus interaction machinery